datetime,symbol,open,high,low,close,volume
2023-03-03 16:15:00,MCX:CRUDEOIL1!,6411.0,6416.0,6407.0,6415.0,126.0
2023-03-03 16:30:00,MCX:CRUDEOIL1!,6414.0,6422.0,6404.0,6407.0,143.0
2023-03-03 16:45:00,MCX:CRUDEOIL1!,6406.0,6407.0,6393.0,6394.0,235.0
2023-03-03 17:00:00,MCX:CRUDEOIL1!,6393.0,6398.0,6392.0,6397.0,239.0
2023-03-03 17:15:00,MCX:CRUDEOIL1!,6397.0,6403.0,6390.0,6391.0,196.0
2023-03-03 17:30:00,MCX:CRUDEOIL1!,6391.0,6394.0,6385.0,6392.0,218.0
2023-03-03 17:45:00,MCX:CRUDEOIL1!,6392.0,6396.0,6387.0,6392.0,153.0
2023-03-03 18:00:00,MCX:CRUDEOIL1!,6395.0,6398.0,6387.0,6392.0,152.0
2023-03-03 18:15:00,MCX:CRUDEOIL1!,6392.0,6393.0,6385.0,6389.0,93.0
2023-03-03 18:30:00,MCX:CRUDEOIL1!,6388.0,6404.0,6373.0,6378.0,240.0
2023-03-03 18:45:00,MCX:CRUDEOIL1!,6378.0,6381.0,6362.0,6368.0,284.0
2023-03-03 19:00:00,MCX:CRUDEOIL1!,6367.0,6376.0,6358.0,6374.0,355.0
2023-03-03 19:15:00,MCX:CRUDEOIL1!,6376.0,6376.0,6281.0,6296.0,566.0
2023-03-03 19:30:00,MCX:CRUDEOIL1!,6295.0,6298.0,6227.0,6281.0,1077.0
2023-03-03 19:45:00,MCX:CRUDEOIL1!,6282.0,6319.0,6268.0,6286.0,673.0
2023-03-03 20:00:00,MCX:CRUDEOIL1!,6288.0,6335.0,6279.0,6318.0,568.0
2023-03-03 20:15:00,MCX:CRUDEOIL1!,6318.0,6367.0,6313.0,6361.0,665.0
2023-03-03 20:30:00,MCX:CRUDEOIL1!,6361.0,6370.0,6341.0,6361.0,457.0
2023-03-03 20:45:00,MCX:CRUDEOIL1!,6363.0,6382.0,6351.0,6362.0,486.0
2023-03-03 21:00:00,MCX:CRUDEOIL1!,6364.0,6420.0,6364.0,6416.0,760.0
2023-03-03 21:15:00,MCX:CRUDEOIL1!,6417.0,6462.0,6407.0,6460.0,803.0
2023-03-03 21:30:00,MCX:CRUDEOIL1!,6461.0,6471.0,6449.0,6458.0,756.0
2023-03-03 21:45:00,MCX:CRUDEOIL1!,6459.0,6469.0,6446.0,6463.0,411.0
2023-03-03 22:00:00,MCX:CRUDEOIL1!,6463.0,6480.0,6462.0,6479.0,490.0
2023-03-03 22:15:00,MCX:CRUDEOIL1!,6477.0,6482.0,6462.0,6471.0,355.0
2023-03-03 22:30:00,MCX:CRUDEOIL1!,6472.0,6500.0,6470.0,6488.0,299.0
2023-03-03 22:45:00,MCX:CRUDEOIL1!,6488.0,6489.0,6471.0,6482.0,273.0
2023-03-03 23:00:00,MCX:CRUDEOIL1!,6481.0,6486.0,6466.0,6485.0,248.0
2023-03-03 23:15:00,MCX:CRUDEOIL1!,6484.0,6508.0,6483.0,6504.0,355.0
2023-03-03 23:30:00,MCX:CRUDEOIL1!,6504.0,6510.0,6494.0,6505.0,306.0
2023-03-03 23:45:00,MCX:CRUDEOIL1!,6505.0,6510.0,6500.0,6500.0,280.0
2023-03-06 09:00:00,MCX:CRUDEOIL1!,6488.0,6493.0,6470.0,6482.0,235.0
2023-03-06 09:15:00,MCX:CRUDEOIL1!,6481.0,6481.0,6467.0,6469.0,177.0
2023-03-06 09:30:00,MCX:CRUDEOIL1!,6469.0,6475.0,6465.0,6475.0,126.0
2023-03-06 09:45:00,MCX:CRUDEOIL1!,6475.0,6475.0,6472.0,6474.0,46.0
2023-03-06 10:00:00,MCX:CRUDEOIL1!,6474.0,6475.0,6461.0,6463.0,65.0
2023-03-06 10:15:00,MCX:CRUDEOIL1!,6461.0,6464.0,6460.0,6462.0,69.0
2023-03-06 10:30:00,MCX:CRUDEOIL1!,6462.0,6467.0,6459.0,6463.0,64.0
2023-03-06 10:45:00,MCX:CRUDEOIL1!,6462.0,6465.0,6462.0,6463.0,39.0
2023-03-06 11:00:00,MCX:CRUDEOIL1!,6465.0,6479.0,6459.0,6478.0,61.0
2023-03-06 11:15:00,MCX:CRUDEOIL1!,6478.0,6482.0,6473.0,6478.0,85.0
2023-03-06 11:30:00,MCX:CRUDEOIL1!,6475.0,6478.0,6469.0,6472.0,55.0
2023-03-06 11:45:00,MCX:CRUDEOIL1!,6472.0,6485.0,6469.0,6482.0,50.0
2023-03-06 12:00:00,MCX:CRUDEOIL1!,6483.0,6485.0,6471.0,6473.0,79.0
2023-03-06 12:15:00,MCX:CRUDEOIL1!,6473.0,6473.0,6467.0,6469.0,51.0
2023-03-06 12:30:00,MCX:CRUDEOIL1!,6471.0,6481.0,6466.0,6474.0,54.0
2023-03-06 12:45:00,MCX:CRUDEOIL1!,6472.0,6480.0,6471.0,6480.0,36.0
2023-03-06 13:00:00,MCX:CRUDEOIL1!,6478.0,6489.0,6478.0,6487.0,60.0
2023-03-06 13:15:00,MCX:CRUDEOIL1!,6487.0,6495.0,6484.0,6492.0,95.0
2023-03-06 13:30:00,MCX:CRUDEOIL1!,6494.0,6499.0,6482.0,6483.0,112.0
2023-03-06 13:45:00,MCX:CRUDEOIL1!,6482.0,6504.0,6480.0,6499.0,84.0
2023-03-06 14:00:00,MCX:CRUDEOIL1!,6498.0,6506.0,6488.0,6501.0,175.0
2023-03-06 14:15:00,MCX:CRUDEOIL1!,6502.0,6504.0,6474.0,6477.0,166.0
2023-03-06 14:30:00,MCX:CRUDEOIL1!,6475.0,6486.0,6466.0,6482.0,169.0
2023-03-06 14:45:00,MCX:CRUDEOIL1!,6485.0,6498.0,6478.0,6485.0,100.0
2023-03-06 15:00:00,MCX:CRUDEOIL1!,6488.0,6502.0,6485.0,6491.0,112.0
2023-03-06 15:15:00,MCX:CRUDEOIL1!,6491.0,6492.0,6472.0,6488.0,193.0
2023-03-06 15:30:00,MCX:CRUDEOIL1!,6488.0,6488.0,6465.0,6467.0,161.0
2023-03-06 15:45:00,MCX:CRUDEOIL1!,6467.0,6467.0,6441.0,6444.0,374.0
2023-03-06 16:00:00,MCX:CRUDEOIL1!,6444.0,6451.0,6438.0,6442.0,291.0
2023-03-06 16:15:00,MCX:CRUDEOIL1!,6442.0,6450.0,6428.0,6439.0,257.0
2023-03-06 16:30:00,MCX:CRUDEOIL1!,6437.0,6442.0,6431.0,6433.0,168.0
2023-03-06 16:45:00,MCX:CRUDEOIL1!,6434.0,6444.0,6432.0,6436.0,182.0
2023-03-06 17:00:00,MCX:CRUDEOIL1!,6437.0,6450.0,6436.0,6450.0,175.0
2023-03-06 17:15:00,MCX:CRUDEOIL1!,6450.0,6450.0,6440.0,6442.0,100.0
2023-03-06 17:30:00,MCX:CRUDEOIL1!,6442.0,6454.0,6437.0,6440.0,145.0
2023-03-06 17:45:00,MCX:CRUDEOIL1!,6440.0,6447.0,6435.0,6444.0,134.0
2023-03-06 18:00:00,MCX:CRUDEOIL1!,6444.0,6453.0,6444.0,6448.0,109.0
2023-03-06 18:15:00,MCX:CRUDEOIL1!,6448.0,6456.0,6446.0,6450.0,144.0
2023-03-06 18:30:00,MCX:CRUDEOIL1!,6447.0,6454.0,6433.0,6451.0,178.0
2023-03-06 18:45:00,MCX:CRUDEOIL1!,6451.0,6452.0,6440.0,6451.0,102.0
2023-03-06 19:00:00,MCX:CRUDEOIL1!,6451.0,6457.0,6444.0,6455.0,128.0
2023-03-06 19:15:00,MCX:CRUDEOIL1!,6456.0,6460.0,6450.0,6460.0,151.0
2023-03-06 19:30:00,MCX:CRUDEOIL1!,6462.0,6475.0,6428.0,6469.0,372.0
2023-03-06 19:45:00,MCX:CRUDEOIL1!,6468.0,6489.0,6465.0,6484.0,291.0
2023-03-06 20:00:00,MCX:CRUDEOIL1!,6483.0,6492.0,6464.0,6480.0,370.0
2023-03-06 20:15:00,MCX:CRUDEOIL1!,6480.0,6490.0,6475.0,6477.0,217.0
2023-03-06 20:30:00,MCX:CRUDEOIL1!,6477.0,6490.0,6469.0,6480.0,211.0
2023-03-06 20:45:00,MCX:CRUDEOIL1!,6481.0,6490.0,6478.0,6486.0,143.0
2023-03-06 21:00:00,MCX:CRUDEOIL1!,6489.0,6510.0,6489.0,6506.0,381.0
2023-03-06 21:15:00,MCX:CRUDEOIL1!,6507.0,6509.0,6488.0,6495.0,214.0
2023-03-06 21:30:00,MCX:CRUDEOIL1!,6496.0,6533.0,6494.0,6532.0,349.0
2023-03-06 21:45:00,MCX:CRUDEOIL1!,6532.0,6567.0,6528.0,6557.0,556.0
2023-03-06 22:00:00,MCX:CRUDEOIL1!,6558.0,6563.0,6522.0,6524.0,461.0
2023-03-06 22:15:00,MCX:CRUDEOIL1!,6524.0,6550.0,6522.0,6545.0,253.0
2023-03-06 22:30:00,MCX:CRUDEOIL1!,6545.0,6577.0,6545.0,6565.0,491.0
2023-03-06 22:45:00,MCX:CRUDEOIL1!,6566.0,6583.0,6565.0,6575.0,340.0
2023-03-06 23:00:00,MCX:CRUDEOIL1!,6575.0,6576.0,6565.0,6570.0,234.0
2023-03-06 23:15:00,MCX:CRUDEOIL1!,6572.0,6574.0,6549.0,6555.0,318.0
2023-03-06 23:30:00,MCX:CRUDEOIL1!,6554.0,6562.0,6552.0,6557.0,170.0
2023-03-06 23:45:00,MCX:CRUDEOIL1!,6557.0,6566.0,6557.0,6566.0,200.0
2023-03-07 17:00:00,MCX:CRUDEOIL1!,6544.0,6557.0,6544.0,6550.0,206.0
2023-03-07 17:15:00,MCX:CRUDEOIL1!,6552.0,6552.0,6531.0,6537.0,196.0
2023-03-07 17:30:00,MCX:CRUDEOIL1!,6536.0,6540.0,6529.0,6532.0,162.0
2023-03-07 17:45:00,MCX:CRUDEOIL1!,6530.0,6533.0,6525.0,6530.0,148.0
2023-03-07 18:00:00,MCX:CRUDEOIL1!,6532.0,6548.0,6531.0,6547.0,161.0
2023-03-07 18:15:00,MCX:CRUDEOIL1!,6547.0,6557.0,6544.0,6548.0,169.0
2023-03-07 18:30:00,MCX:CRUDEOIL1!,6550.0,6554.0,6533.0,6534.0,153.0
2023-03-07 18:45:00,MCX:CRUDEOIL1!,6537.0,6550.0,6533.0,6546.0,149.0
2023-03-07 19:00:00,MCX:CRUDEOIL1!,6545.0,6551.0,6537.0,6549.0,119.0
2023-03-07 19:15:00,MCX:CRUDEOIL1!,6548.0,6548.0,6522.0,6531.0,180.0
2023-03-07 19:30:00,MCX:CRUDEOIL1!,6530.0,6556.0,6530.0,6549.0,255.0
2023-03-07 19:45:00,MCX:CRUDEOIL1!,6547.0,6564.0,6547.0,6564.0,203.0
2023-03-07 20:00:00,MCX:CRUDEOIL1!,6564.0,6570.0,6539.0,6542.0,281.0
2023-03-07 20:15:00,MCX:CRUDEOIL1!,6542.0,6555.0,6540.0,6552.0,141.0
2023-03-07 20:30:00,MCX:CRUDEOIL1!,6551.0,6552.0,6497.0,6524.0,620.0
2023-03-07 20:45:00,MCX:CRUDEOIL1!,6523.0,6533.0,6512.0,6520.0,304.0
2023-03-07 21:00:00,MCX:CRUDEOIL1!,6514.0,6530.0,6490.0,6493.0,359.0
2023-03-07 21:15:00,MCX:CRUDEOIL1!,6497.0,6497.0,6434.0,6456.0,761.0
2023-03-07 21:30:00,MCX:CRUDEOIL1!,6455.0,6472.0,6444.0,6450.0,354.0
2023-03-07 21:45:00,MCX:CRUDEOIL1!,6451.0,6471.0,6421.0,6431.0,480.0
2023-03-07 22:00:00,MCX:CRUDEOIL1!,6430.0,6439.0,6407.0,6428.0,455.0
2023-03-07 22:15:00,MCX:CRUDEOIL1!,6426.0,6432.0,6393.0,6399.0,433.0
2023-03-07 22:30:00,MCX:CRUDEOIL1!,6398.0,6419.0,6395.0,6416.0,379.0
2023-03-07 22:45:00,MCX:CRUDEOIL1!,6417.0,6430.0,6409.0,6410.0,268.0
2023-03-07 23:00:00,MCX:CRUDEOIL1!,6409.0,6416.0,6405.0,6412.0,145.0
2023-03-07 23:15:00,MCX:CRUDEOIL1!,6411.0,6417.0,6402.0,6415.0,137.0
2023-03-07 23:30:00,MCX:CRUDEOIL1!,6415.0,6417.0,6401.0,6411.0,275.0
2023-03-07 23:45:00,MCX:CRUDEOIL1!,6410.0,6415.0,6404.0,6408.0,196.0
2023-03-08 09:00:00,MCX:CRUDEOIL1!,6405.0,6405.0,6384.0,6395.0,214.0
2023-03-08 09:15:00,MCX:CRUDEOIL1!,6395.0,6397.0,6389.0,6391.0,83.0
2023-03-08 09:30:00,MCX:CRUDEOIL1!,6392.0,6393.0,6384.0,6386.0,87.0
2023-03-08 09:45:00,MCX:CRUDEOIL1!,6387.0,6390.0,6386.0,6388.0,78.0
2023-03-08 10:00:00,MCX:CRUDEOIL1!,6387.0,6389.0,6381.0,6382.0,58.0
2023-03-08 10:15:00,MCX:CRUDEOIL1!,6382.0,6390.0,6381.0,6388.0,59.0
2023-03-08 10:30:00,MCX:CRUDEOIL1!,6388.0,6392.0,6388.0,6391.0,60.0
2023-03-08 10:45:00,MCX:CRUDEOIL1!,6390.0,6393.0,6389.0,6391.0,34.0
2023-03-08 11:00:00,MCX:CRUDEOIL1!,6392.0,6393.0,6382.0,6383.0,66.0
2023-03-08 11:15:00,MCX:CRUDEOIL1!,6385.0,6386.0,6370.0,6377.0,108.0
2023-03-08 11:30:00,MCX:CRUDEOIL1!,6376.0,6381.0,6371.0,6374.0,48.0
2023-03-08 11:45:00,MCX:CRUDEOIL1!,6375.0,6377.0,6370.0,6377.0,39.0
2023-03-08 12:00:00,MCX:CRUDEOIL1!,6377.0,6381.0,6372.0,6379.0,34.0
2023-03-08 12:15:00,MCX:CRUDEOIL1!,6379.0,6381.0,6375.0,6379.0,39.0
2023-03-08 12:30:00,MCX:CRUDEOIL1!,6378.0,6378.0,6356.0,6356.0,150.0
2023-03-08 12:45:00,MCX:CRUDEOIL1!,6355.0,6363.0,6351.0,6359.0,109.0
2023-03-08 13:00:00,MCX:CRUDEOIL1!,6358.0,6364.0,6354.0,6355.0,76.0
2023-03-08 13:15:00,MCX:CRUDEOIL1!,6355.0,6356.0,6341.0,6349.0,157.0
2023-03-08 13:30:00,MCX:CRUDEOIL1!,6349.0,6360.0,6343.0,6348.0,128.0
2023-03-08 13:45:00,MCX:CRUDEOIL1!,6348.0,6372.0,6348.0,6360.0,126.0
2023-03-08 14:00:00,MCX:CRUDEOIL1!,6363.0,6377.0,6352.0,6353.0,126.0
2023-03-08 14:15:00,MCX:CRUDEOIL1!,6353.0,6361.0,6344.0,6350.0,135.0
2023-03-08 14:30:00,MCX:CRUDEOIL1!,6349.0,6352.0,6320.0,6333.0,250.0
2023-03-08 14:45:00,MCX:CRUDEOIL1!,6333.0,6352.0,6331.0,6347.0,127.0
2023-03-08 15:00:00,MCX:CRUDEOIL1!,6346.0,6357.0,6337.0,6347.0,108.0
2023-03-08 15:15:00,MCX:CRUDEOIL1!,6346.0,6370.0,6344.0,6359.0,146.0
2023-03-08 15:30:00,MCX:CRUDEOIL1!,6362.0,6377.0,6359.0,6375.0,196.0
2023-03-08 15:45:00,MCX:CRUDEOIL1!,6377.0,6378.0,6368.0,6372.0,118.0
2023-03-08 16:00:00,MCX:CRUDEOIL1!,6373.0,6381.0,6364.0,6367.0,167.0
2023-03-08 16:15:00,MCX:CRUDEOIL1!,6368.0,6370.0,6357.0,6365.0,142.0
2023-03-08 16:30:00,MCX:CRUDEOIL1!,6362.0,6369.0,6358.0,6366.0,122.0
2023-03-08 16:45:00,MCX:CRUDEOIL1!,6362.0,6369.0,6358.0,6367.0,101.0
2023-03-08 17:00:00,MCX:CRUDEOIL1!,6369.0,6376.0,6367.0,6369.0,125.0
2023-03-08 17:15:00,MCX:CRUDEOIL1!,6368.0,6370.0,6356.0,6360.0,147.0
2023-03-08 17:30:00,MCX:CRUDEOIL1!,6359.0,6368.0,6358.0,6366.0,130.0
2023-03-08 17:45:00,MCX:CRUDEOIL1!,6366.0,6366.0,6348.0,6350.0,205.0
2023-03-08 18:00:00,MCX:CRUDEOIL1!,6350.0,6350.0,6333.0,6339.0,266.0
2023-03-08 18:15:00,MCX:CRUDEOIL1!,6339.0,6350.0,6339.0,6346.0,178.0
2023-03-08 18:30:00,MCX:CRUDEOIL1!,6349.0,6359.0,6344.0,6355.0,172.0
2023-03-08 18:45:00,MCX:CRUDEOIL1!,6349.0,6353.0,6334.0,6336.0,186.0
2023-03-08 19:00:00,MCX:CRUDEOIL1!,6335.0,6346.0,6333.0,6333.0,229.0
2023-03-08 19:15:00,MCX:CRUDEOIL1!,6334.0,6336.0,6290.0,6305.0,550.0
2023-03-08 19:30:00,MCX:CRUDEOIL1!,6303.0,6303.0,6269.0,6290.0,542.0
2023-03-08 19:45:00,MCX:CRUDEOIL1!,6290.0,6306.0,6285.0,6291.0,309.0
2023-03-08 20:00:00,MCX:CRUDEOIL1!,6293.0,6300.0,6281.0,6282.0,383.0
2023-03-08 20:15:00,MCX:CRUDEOIL1!,6284.0,6319.0,6280.0,6311.0,389.0
2023-03-08 20:30:00,MCX:CRUDEOIL1!,6313.0,6318.0,6292.0,6310.0,246.0
2023-03-08 20:45:00,MCX:CRUDEOIL1!,6312.0,6315.0,6286.0,6301.0,344.0
2023-03-08 21:00:00,MCX:CRUDEOIL1!,6308.0,6351.0,6308.0,6337.0,539.0
2023-03-08 21:15:00,MCX:CRUDEOIL1!,6337.0,6338.0,6259.0,6274.0,579.0
2023-03-08 21:30:00,MCX:CRUDEOIL1!,6273.0,6288.0,6256.0,6263.0,340.0
2023-03-08 21:45:00,MCX:CRUDEOIL1!,6264.0,6312.0,6261.0,6303.0,450.0
2023-03-08 22:00:00,MCX:CRUDEOIL1!,6301.0,6317.0,6292.0,6312.0,298.0
2023-03-08 22:15:00,MCX:CRUDEOIL1!,6312.0,6325.0,6275.0,6276.0,361.0
2023-03-08 22:30:00,MCX:CRUDEOIL1!,6276.0,6292.0,6271.0,6279.0,251.0
2023-03-08 22:45:00,MCX:CRUDEOIL1!,6278.0,6290.0,6276.0,6290.0,131.0
2023-03-08 23:00:00,MCX:CRUDEOIL1!,6290.0,6306.0,6286.0,6305.0,220.0
2023-03-08 23:15:00,MCX:CRUDEOIL1!,6304.0,6307.0,6293.0,6295.0,186.0
2023-03-08 23:30:00,MCX:CRUDEOIL1!,6298.0,6311.0,6288.0,6310.0,202.0
2023-03-08 23:45:00,MCX:CRUDEOIL1!,6311.0,6319.0,6303.0,6305.0,191.0
2023-03-09 09:00:00,MCX:CRUDEOIL1!,6285.0,6298.0,6285.0,6290.0,168.0
2023-03-09 09:15:00,MCX:CRUDEOIL1!,6290.0,6290.0,6285.0,6288.0,98.0
2023-03-09 09:30:00,MCX:CRUDEOIL1!,6288.0,6293.0,6288.0,6291.0,68.0
2023-03-09 09:45:00,MCX:CRUDEOIL1!,6292.0,6292.0,6287.0,6289.0,52.0
2023-03-09 10:00:00,MCX:CRUDEOIL1!,6288.0,6289.0,6283.0,6285.0,82.0
2023-03-09 10:15:00,MCX:CRUDEOIL1!,6285.0,6289.0,6284.0,6288.0,41.0
2023-03-09 10:30:00,MCX:CRUDEOIL1!,6287.0,6288.0,6284.0,6287.0,27.0
2023-03-09 10:45:00,MCX:CRUDEOIL1!,6288.0,6290.0,6283.0,6285.0,25.0
2023-03-09 11:00:00,MCX:CRUDEOIL1!,6284.0,6293.0,6284.0,6293.0,48.0
2023-03-09 11:15:00,MCX:CRUDEOIL1!,6293.0,6295.0,6289.0,6290.0,36.0
2023-03-09 11:30:00,MCX:CRUDEOIL1!,6289.0,6293.0,6286.0,6293.0,37.0
2023-03-09 11:45:00,MCX:CRUDEOIL1!,6294.0,6305.0,6293.0,6303.0,67.0
2023-03-09 12:00:00,MCX:CRUDEOIL1!,6302.0,6303.0,6294.0,6294.0,55.0
2023-03-09 12:15:00,MCX:CRUDEOIL1!,6295.0,6301.0,6292.0,6297.0,44.0
2023-03-09 12:30:00,MCX:CRUDEOIL1!,6296.0,6301.0,6294.0,6297.0,42.0
2023-03-09 12:45:00,MCX:CRUDEOIL1!,6298.0,6300.0,6288.0,6293.0,33.0
2023-03-09 13:00:00,MCX:CRUDEOIL1!,6293.0,6298.0,6288.0,6297.0,46.0
2023-03-09 13:15:00,MCX:CRUDEOIL1!,6298.0,6298.0,6283.0,6283.0,50.0
2023-03-09 13:30:00,MCX:CRUDEOIL1!,6283.0,6299.0,6281.0,6289.0,65.0
2023-03-09 13:45:00,MCX:CRUDEOIL1!,6288.0,6309.0,6288.0,6307.0,130.0
2023-03-09 14:00:00,MCX:CRUDEOIL1!,6307.0,6310.0,6290.0,6291.0,79.0
2023-03-09 14:15:00,MCX:CRUDEOIL1!,6290.0,6290.0,6278.0,6279.0,110.0
2023-03-09 14:30:00,MCX:CRUDEOIL1!,6278.0,6278.0,6256.0,6266.0,218.0
2023-03-09 14:45:00,MCX:CRUDEOIL1!,6266.0,6276.0,6266.0,6276.0,66.0
2023-03-09 15:00:00,MCX:CRUDEOIL1!,6273.0,6292.0,6272.0,6286.0,102.0
2023-03-09 15:15:00,MCX:CRUDEOIL1!,6286.0,6292.0,6276.0,6287.0,122.0
2023-03-09 15:30:00,MCX:CRUDEOIL1!,6287.0,6300.0,6287.0,6295.0,182.0
2023-03-09 15:45:00,MCX:CRUDEOIL1!,6294.0,6307.0,6285.0,6307.0,171.0
2023-03-09 16:00:00,MCX:CRUDEOIL1!,6307.0,6311.0,6302.0,6304.0,196.0
2023-03-09 16:15:00,MCX:CRUDEOIL1!,6304.0,6305.0,6293.0,6295.0,137.0
2023-03-09 16:30:00,MCX:CRUDEOIL1!,6296.0,6308.0,6296.0,6305.0,82.0
2023-03-09 16:45:00,MCX:CRUDEOIL1!,6305.0,6310.0,6299.0,6303.0,91.0
2023-03-09 17:00:00,MCX:CRUDEOIL1!,6304.0,6317.0,6304.0,6314.0,91.0
2023-03-09 17:15:00,MCX:CRUDEOIL1!,6314.0,6323.0,6302.0,6306.0,209.0
2023-03-09 17:30:00,MCX:CRUDEOIL1!,6305.0,6314.0,6295.0,6310.0,154.0
2023-03-09 17:45:00,MCX:CRUDEOIL1!,6310.0,6323.0,6310.0,6315.0,178.0
2023-03-09 18:00:00,MCX:CRUDEOIL1!,6317.0,6320.0,6305.0,6308.0,132.0
2023-03-09 18:15:00,MCX:CRUDEOIL1!,6309.0,6311.0,6304.0,6310.0,93.0
2023-03-09 18:30:00,MCX:CRUDEOIL1!,6310.0,6312.0,6293.0,6308.0,193.0
2023-03-09 18:45:00,MCX:CRUDEOIL1!,6302.0,6307.0,6282.0,6295.0,222.0
2023-03-09 19:00:00,MCX:CRUDEOIL1!,6297.0,6342.0,6288.0,6330.0,583.0
2023-03-09 19:15:00,MCX:CRUDEOIL1!,6331.0,6353.0,6328.0,6351.0,450.0
2023-03-09 19:30:00,MCX:CRUDEOIL1!,6351.0,6363.0,6337.0,6355.0,392.0
2023-03-09 19:45:00,MCX:CRUDEOIL1!,6355.0,6360.0,6346.0,6357.0,249.0
2023-03-09 20:00:00,MCX:CRUDEOIL1!,6361.0,6379.0,6354.0,6377.0,463.0
2023-03-09 20:15:00,MCX:CRUDEOIL1!,6377.0,6403.0,6370.0,6385.0,551.0
2023-03-09 20:30:00,MCX:CRUDEOIL1!,6383.0,6391.0,6351.0,6351.0,404.0
2023-03-09 20:45:00,MCX:CRUDEOIL1!,6351.0,6353.0,6336.0,6343.0,449.0
2023-03-09 21:00:00,MCX:CRUDEOIL1!,6343.0,6365.0,6328.0,6361.0,394.0
2023-03-09 21:15:00,MCX:CRUDEOIL1!,6362.0,6364.0,6326.0,6328.0,279.0
2023-03-09 21:30:00,MCX:CRUDEOIL1!,6326.0,6349.0,6316.0,6345.0,354.0
2023-03-09 21:45:00,MCX:CRUDEOIL1!,6346.0,6368.0,6339.0,6345.0,350.0
2023-03-09 22:00:00,MCX:CRUDEOIL1!,6346.0,6353.0,6332.0,6335.0,242.0
2023-03-09 22:15:00,MCX:CRUDEOIL1!,6334.0,6342.0,6324.0,6328.0,266.0
2023-03-09 22:30:00,MCX:CRUDEOIL1!,6328.0,6332.0,6301.0,6302.0,300.0
2023-03-09 22:45:00,MCX:CRUDEOIL1!,6301.0,6312.0,6288.0,6312.0,347.0
2023-03-09 23:00:00,MCX:CRUDEOIL1!,6311.0,6318.0,6301.0,6306.0,212.0
2023-03-09 23:15:00,MCX:CRUDEOIL1!,6306.0,6306.0,6280.0,6286.0,325.0
2023-03-09 23:30:00,MCX:CRUDEOIL1!,6282.0,6288.0,6273.0,6273.0,302.0
2023-03-09 23:45:00,MCX:CRUDEOIL1!,6274.0,6283.0,6266.0,6275.0,309.0
2023-03-10 09:00:00,MCX:CRUDEOIL1!,6264.0,6264.0,6187.0,6189.0,437.0
2023-03-10 09:15:00,MCX:CRUDEOIL1!,6189.0,6189.0,6177.0,6183.0,199.0
2023-03-10 09:30:00,MCX:CRUDEOIL1!,6184.0,6184.0,6176.0,6181.0,127.0
2023-03-10 09:45:00,MCX:CRUDEOIL1!,6181.0,6181.0,6171.0,6172.0,133.0
2023-03-10 10:00:00,MCX:CRUDEOIL1!,6174.0,6179.0,6174.0,6178.0,80.0
2023-03-10 10:15:00,MCX:CRUDEOIL1!,6178.0,6181.0,6176.0,6180.0,79.0
2023-03-10 10:30:00,MCX:CRUDEOIL1!,6181.0,6186.0,6180.0,6180.0,77.0
2023-03-10 10:45:00,MCX:CRUDEOIL1!,6180.0,6182.0,6178.0,6181.0,48.0
2023-03-10 11:00:00,MCX:CRUDEOIL1!,6181.0,6184.0,6172.0,6180.0,65.0
2023-03-10 11:15:00,MCX:CRUDEOIL1!,6182.0,6190.0,6181.0,6190.0,50.0
2023-03-10 11:30:00,MCX:CRUDEOIL1!,6189.0,6191.0,6178.0,6189.0,99.0
2023-03-10 11:45:00,MCX:CRUDEOIL1!,6189.0,6191.0,6184.0,6188.0,55.0
2023-03-10 12:00:00,MCX:CRUDEOIL1!,6190.0,6190.0,6173.0,6174.0,61.0
2023-03-10 12:15:00,MCX:CRUDEOIL1!,6173.0,6174.0,6157.0,6162.0,130.0
2023-03-10 12:30:00,MCX:CRUDEOIL1!,6162.0,6173.0,6159.0,6172.0,94.0
2023-03-10 12:45:00,MCX:CRUDEOIL1!,6172.0,6179.0,6168.0,6174.0,91.0
2023-03-10 13:00:00,MCX:CRUDEOIL1!,6172.0,6177.0,6166.0,6176.0,79.0
2023-03-10 13:15:00,MCX:CRUDEOIL1!,6177.0,6191.0,6177.0,6188.0,166.0
2023-03-10 13:30:00,MCX:CRUDEOIL1!,6188.0,6188.0,6152.0,6157.0,161.0
2023-03-10 13:45:00,MCX:CRUDEOIL1!,6155.0,6169.0,6151.0,6169.0,109.0
2023-03-10 14:00:00,MCX:CRUDEOIL1!,6169.0,6180.0,6152.0,6178.0,131.0
2023-03-10 14:15:00,MCX:CRUDEOIL1!,6176.0,6183.0,6171.0,6171.0,107.0
2023-03-10 14:30:00,MCX:CRUDEOIL1!,6168.0,6185.0,6152.0,6182.0,168.0
2023-03-10 14:45:00,MCX:CRUDEOIL1!,6182.0,6194.0,6182.0,6190.0,154.0
2023-03-10 15:00:00,MCX:CRUDEOIL1!,6190.0,6197.0,6181.0,6185.0,138.0
2023-03-10 15:15:00,MCX:CRUDEOIL1!,6186.0,6192.0,6171.0,6181.0,112.0
2023-03-10 15:30:00,MCX:CRUDEOIL1!,6177.0,6183.0,6166.0,6173.0,146.0
2023-03-10 15:45:00,MCX:CRUDEOIL1!,6173.0,6187.0,6171.0,6185.0,95.0
2023-03-10 16:00:00,MCX:CRUDEOIL1!,6189.0,6195.0,6185.0,6189.0,115.0
2023-03-10 16:15:00,MCX:CRUDEOIL1!,6188.0,6201.0,6175.0,6177.0,171.0
2023-03-10 16:30:00,MCX:CRUDEOIL1!,6177.0,6179.0,6163.0,6169.0,220.0
2023-03-10 16:45:00,MCX:CRUDEOIL1!,6169.0,6176.0,6165.0,6175.0,137.0
2023-03-10 17:00:00,MCX:CRUDEOIL1!,6175.0,6181.0,6168.0,6178.0,132.0
2023-03-10 17:15:00,MCX:CRUDEOIL1!,6180.0,6190.0,6173.0,6177.0,152.0
2023-03-10 17:30:00,MCX:CRUDEOIL1!,6176.0,6181.0,6170.0,6172.0,72.0
2023-03-10 17:45:00,MCX:CRUDEOIL1!,6174.0,6177.0,6166.0,6167.0,121.0
2023-03-10 18:00:00,MCX:CRUDEOIL1!,6168.0,6185.0,6168.0,6183.0,104.0
2023-03-10 18:15:00,MCX:CRUDEOIL1!,6184.0,6193.0,6180.0,6180.0,197.0
2023-03-10 18:30:00,MCX:CRUDEOIL1!,6180.0,6180.0,6164.0,6164.0,192.0
2023-03-10 18:45:00,MCX:CRUDEOIL1!,6164.0,6181.0,6163.0,6178.0,153.0
2023-03-10 19:00:00,MCX:CRUDEOIL1!,6178.0,6251.0,6160.0,6242.0,754.0
2023-03-10 19:15:00,MCX:CRUDEOIL1!,6242.0,6268.0,6238.0,6241.0,538.0
2023-03-10 19:30:00,MCX:CRUDEOIL1!,6238.0,6244.0,6207.0,6207.0,517.0
2023-03-10 19:45:00,MCX:CRUDEOIL1!,6206.0,6224.0,6193.0,6215.0,448.0
2023-03-10 20:00:00,MCX:CRUDEOIL1!,6217.0,6234.0,6198.0,6229.0,434.0
2023-03-10 20:15:00,MCX:CRUDEOIL1!,6230.0,6233.0,6210.0,6222.0,269.0
2023-03-10 20:30:00,MCX:CRUDEOIL1!,6228.0,6272.0,6225.0,6242.0,512.0
2023-03-10 20:45:00,MCX:CRUDEOIL1!,6239.0,6245.0,6202.0,6217.0,488.0
2023-03-10 21:00:00,MCX:CRUDEOIL1!,6219.0,6235.0,6193.0,6193.0,354.0
2023-03-10 21:15:00,MCX:CRUDEOIL1!,6193.0,6241.0,6190.0,6239.0,428.0
2023-03-10 21:30:00,MCX:CRUDEOIL1!,6239.0,6266.0,6228.0,6259.0,544.0
2023-03-10 21:45:00,MCX:CRUDEOIL1!,6259.0,6293.0,6257.0,6290.0,620.0
2023-03-10 22:00:00,MCX:CRUDEOIL1!,6289.0,6322.0,6287.0,6300.0,718.0
2023-03-10 22:15:00,MCX:CRUDEOIL1!,6300.0,6301.0,6261.0,6263.0,544.0
2023-03-10 22:30:00,MCX:CRUDEOIL1!,6263.0,6293.0,6249.0,6289.0,415.0
2023-03-10 22:45:00,MCX:CRUDEOIL1!,6289.0,6309.0,6288.0,6304.0,348.0
2023-03-10 23:00:00,MCX:CRUDEOIL1!,6305.0,6312.0,6296.0,6299.0,238.0
2023-03-10 23:15:00,MCX:CRUDEOIL1!,6303.0,6312.0,6294.0,6299.0,252.0
2023-03-10 23:30:00,MCX:CRUDEOIL1!,6296.0,6314.0,6296.0,6300.0,328.0
2023-03-10 23:45:00,MCX:CRUDEOIL1!,6301.0,6301.0,6285.0,6292.0,214.0
2023-03-13 09:00:00,MCX:CRUDEOIL1!,6300.0,6306.0,6291.0,6302.0,209.0
2023-03-13 09:15:00,MCX:CRUDEOIL1!,6303.0,6308.0,6302.0,6303.0,69.0
2023-03-13 09:30:00,MCX:CRUDEOIL1!,6301.0,6307.0,6300.0,6304.0,65.0
2023-03-13 09:45:00,MCX:CRUDEOIL1!,6304.0,6308.0,6304.0,6308.0,60.0
2023-03-13 10:00:00,MCX:CRUDEOIL1!,6307.0,6314.0,6305.0,6310.0,119.0
2023-03-13 10:15:00,MCX:CRUDEOIL1!,6311.0,6322.0,6309.0,6322.0,61.0
2023-03-13 10:30:00,MCX:CRUDEOIL1!,6318.0,6325.0,6318.0,6322.0,88.0
2023-03-13 10:45:00,MCX:CRUDEOIL1!,6321.0,6324.0,6313.0,6314.0,45.0
2023-03-13 11:00:00,MCX:CRUDEOIL1!,6315.0,6319.0,6308.0,6313.0,62.0
2023-03-13 11:15:00,MCX:CRUDEOIL1!,6313.0,6318.0,6306.0,6318.0,67.0
2023-03-13 11:30:00,MCX:CRUDEOIL1!,6318.0,6318.0,6309.0,6313.0,41.0
2023-03-13 11:45:00,MCX:CRUDEOIL1!,6315.0,6319.0,6312.0,6312.0,34.0
2023-03-13 12:00:00,MCX:CRUDEOIL1!,6312.0,6312.0,6303.0,6306.0,73.0
2023-03-13 12:15:00,MCX:CRUDEOIL1!,6304.0,6313.0,6300.0,6312.0,46.0
2023-03-13 12:30:00,MCX:CRUDEOIL1!,6313.0,6316.0,6300.0,6315.0,78.0
2023-03-13 12:45:00,MCX:CRUDEOIL1!,6315.0,6328.0,6310.0,6325.0,92.0
2023-03-13 13:00:00,MCX:CRUDEOIL1!,6327.0,6331.0,6321.0,6330.0,96.0
2023-03-13 13:15:00,MCX:CRUDEOIL1!,6330.0,6333.0,6324.0,6325.0,75.0
2023-03-13 13:30:00,MCX:CRUDEOIL1!,6324.0,6330.0,6305.0,6327.0,122.0
2023-03-13 13:45:00,MCX:CRUDEOIL1!,6326.0,6332.0,6312.0,6313.0,70.0
2023-03-13 14:00:00,MCX:CRUDEOIL1!,6316.0,6316.0,6279.0,6283.0,235.0
2023-03-13 14:15:00,MCX:CRUDEOIL1!,6282.0,6293.0,6276.0,6277.0,117.0
2023-03-13 14:30:00,MCX:CRUDEOIL1!,6277.0,6278.0,6254.0,6263.0,231.0
2023-03-13 14:45:00,MCX:CRUDEOIL1!,6261.0,6264.0,6192.0,6201.0,374.0
2023-03-13 15:00:00,MCX:CRUDEOIL1!,6201.0,6201.0,6169.0,6187.0,434.0
2023-03-13 15:15:00,MCX:CRUDEOIL1!,6187.0,6210.0,6186.0,6189.0,251.0
2023-03-13 15:30:00,MCX:CRUDEOIL1!,6189.0,6202.0,6184.0,6192.0,190.0
2023-03-13 15:45:00,MCX:CRUDEOIL1!,6193.0,6212.0,6190.0,6198.0,194.0
2023-03-13 16:00:00,MCX:CRUDEOIL1!,6197.0,6213.0,6197.0,6199.0,135.0
2023-03-13 16:15:00,MCX:CRUDEOIL1!,6196.0,6219.0,6195.0,6217.0,162.0
2023-03-13 16:30:00,MCX:CRUDEOIL1!,6217.0,6235.0,6211.0,6221.0,292.0
2023-03-13 16:45:00,MCX:CRUDEOIL1!,6224.0,6228.0,6198.0,6207.0,186.0
2023-03-13 17:00:00,MCX:CRUDEOIL1!,6205.0,6206.0,6166.0,6173.0,287.0
2023-03-13 17:15:00,MCX:CRUDEOIL1!,6174.0,6175.0,6134.0,6135.0,455.0
2023-03-13 17:30:00,MCX:CRUDEOIL1!,6136.0,6137.0,6003.0,6038.0,1013.0
2023-03-13 17:45:00,MCX:CRUDEOIL1!,6038.0,6038.0,5965.0,6011.0,937.0
2023-03-13 18:00:00,MCX:CRUDEOIL1!,6009.0,6040.0,5987.0,6028.0,680.0
2023-03-13 18:15:00,MCX:CRUDEOIL1!,6027.0,6035.0,6001.0,6006.0,436.0
2023-03-13 18:30:00,MCX:CRUDEOIL1!,6006.0,6031.0,5989.0,6005.0,539.0
2023-03-13 18:45:00,MCX:CRUDEOIL1!,6007.0,6059.0,6003.0,6056.0,476.0
2023-03-13 19:00:00,MCX:CRUDEOIL1!,6057.0,6091.0,6014.0,6090.0,612.0
2023-03-13 19:15:00,MCX:CRUDEOIL1!,6092.0,6149.0,6078.0,6145.0,764.0
2023-03-13 19:30:00,MCX:CRUDEOIL1!,6142.0,6166.0,6118.0,6148.0,675.0
2023-03-13 19:45:00,MCX:CRUDEOIL1!,6146.0,6158.0,6133.0,6148.0,505.0
2023-03-13 20:00:00,MCX:CRUDEOIL1!,6148.0,6236.0,6148.0,6225.0,827.0
2023-03-13 20:15:00,MCX:CRUDEOIL1!,6226.0,6238.0,6215.0,6226.0,574.0
2023-03-13 20:30:00,MCX:CRUDEOIL1!,6227.0,6246.0,6216.0,6234.0,449.0
2023-03-13 20:45:00,MCX:CRUDEOIL1!,6235.0,6271.0,6232.0,6254.0,432.0
2023-03-13 21:00:00,MCX:CRUDEOIL1!,6256.0,6261.0,6199.0,6223.0,548.0
2023-03-13 21:15:00,MCX:CRUDEOIL1!,6225.0,6251.0,6220.0,6248.0,350.0
2023-03-13 21:30:00,MCX:CRUDEOIL1!,6249.0,6257.0,6233.0,6243.0,346.0
2023-03-13 21:45:00,MCX:CRUDEOIL1!,6242.0,6250.0,6179.0,6206.0,444.0
2023-03-13 22:00:00,MCX:CRUDEOIL1!,6206.0,6209.0,6182.0,6193.0,391.0
2023-03-13 22:15:00,MCX:CRUDEOIL1!,6190.0,6198.0,6167.0,6169.0,268.0
2023-03-13 22:30:00,MCX:CRUDEOIL1!,6169.0,6206.0,6160.0,6205.0,385.0
2023-03-13 22:45:00,MCX:CRUDEOIL1!,6205.0,6209.0,6169.0,6177.0,361.0
2023-03-13 23:00:00,MCX:CRUDEOIL1!,6177.0,6184.0,6146.0,6169.0,346.0
2023-03-13 23:15:00,MCX:CRUDEOIL1!,6173.0,6175.0,6157.0,6172.0,308.0
2023-03-13 23:30:00,MCX:CRUDEOIL1!,6172.0,6172.0,6172.0,6172.0,3.0
2023-03-14 09:00:00,MCX:CRUDEOIL1!,6095.0,6103.0,6083.0,6098.0,377.0
2023-03-14 09:15:00,MCX:CRUDEOIL1!,6097.0,6107.0,6097.0,6103.0,165.0
2023-03-14 09:30:00,MCX:CRUDEOIL1!,6103.0,6108.0,6098.0,6105.0,101.0
2023-03-14 09:45:00,MCX:CRUDEOIL1!,6105.0,6109.0,6103.0,6104.0,48.0
2023-03-14 10:00:00,MCX:CRUDEOIL1!,6104.0,6108.0,6100.0,6103.0,54.0
2023-03-14 10:15:00,MCX:CRUDEOIL1!,6103.0,6110.0,6100.0,6108.0,75.0
2023-03-14 10:30:00,MCX:CRUDEOIL1!,6110.0,6110.0,6104.0,6107.0,74.0
2023-03-14 10:45:00,MCX:CRUDEOIL1!,6108.0,6108.0,6096.0,6096.0,38.0
2023-03-14 11:00:00,MCX:CRUDEOIL1!,6095.0,6100.0,6090.0,6092.0,81.0
2023-03-14 11:15:00,MCX:CRUDEOIL1!,6094.0,6094.0,6087.0,6089.0,61.0
2023-03-14 11:30:00,MCX:CRUDEOIL1!,6089.0,6118.0,6083.0,6109.0,128.0
2023-03-14 11:45:00,MCX:CRUDEOIL1!,6112.0,6112.0,6094.0,6109.0,86.0
2023-03-14 12:00:00,MCX:CRUDEOIL1!,6107.0,6114.0,6100.0,6109.0,62.0
2023-03-14 12:15:00,MCX:CRUDEOIL1!,6109.0,6109.0,6096.0,6103.0,46.0
2023-03-14 12:30:00,MCX:CRUDEOIL1!,6100.0,6113.0,6095.0,6105.0,70.0
2023-03-14 12:45:00,MCX:CRUDEOIL1!,6102.0,6110.0,6091.0,6107.0,63.0
2023-03-14 13:00:00,MCX:CRUDEOIL1!,6108.0,6114.0,6097.0,6098.0,74.0
2023-03-14 13:15:00,MCX:CRUDEOIL1!,6099.0,6106.0,6091.0,6099.0,120.0
2023-03-14 13:30:00,MCX:CRUDEOIL1!,6098.0,6130.0,6072.0,6079.0,203.0
2023-03-14 13:45:00,MCX:CRUDEOIL1!,6080.0,6098.0,6069.0,6079.0,172.0
2023-03-14 14:00:00,MCX:CRUDEOIL1!,6077.0,6085.0,6041.0,6067.0,337.0
2023-03-14 14:15:00,MCX:CRUDEOIL1!,6066.0,6076.0,6054.0,6061.0,136.0
2023-03-14 14:30:00,MCX:CRUDEOIL1!,6060.0,6060.0,6010.0,6030.0,307.0
2023-03-14 14:45:00,MCX:CRUDEOIL1!,6027.0,6042.0,6019.0,6030.0,193.0
2023-03-14 15:00:00,MCX:CRUDEOIL1!,6030.0,6047.0,6020.0,6031.0,159.0
2023-03-14 15:15:00,MCX:CRUDEOIL1!,6030.0,6050.0,6024.0,6050.0,149.0
2023-03-14 15:30:00,MCX:CRUDEOIL1!,6050.0,6050.0,6015.0,6023.0,200.0
2023-03-14 15:45:00,MCX:CRUDEOIL1!,6021.0,6024.0,6013.0,6017.0,190.0
2023-03-14 16:00:00,MCX:CRUDEOIL1!,6015.0,6037.0,6011.0,6021.0,199.0
2023-03-14 16:15:00,MCX:CRUDEOIL1!,6018.0,6027.0,6016.0,6025.0,117.0
2023-03-14 16:30:00,MCX:CRUDEOIL1!,6023.0,6057.0,6023.0,6055.0,208.0
2023-03-14 16:45:00,MCX:CRUDEOIL1!,6055.0,6055.0,6039.0,6051.0,159.0
2023-03-14 17:00:00,MCX:CRUDEOIL1!,6051.0,6066.0,6043.0,6066.0,153.0
2023-03-14 17:15:00,MCX:CRUDEOIL1!,6066.0,6085.0,6061.0,6071.0,241.0
2023-03-14 17:30:00,MCX:CRUDEOIL1!,6062.0,6075.0,6055.0,6075.0,176.0
2023-03-14 17:45:00,MCX:CRUDEOIL1!,6071.0,6078.0,6056.0,6065.0,158.0
2023-03-14 18:00:00,MCX:CRUDEOIL1!,6058.0,6081.0,6030.0,6049.0,549.0
2023-03-14 18:15:00,MCX:CRUDEOIL1!,6048.0,6068.0,6026.0,6061.0,303.0
2023-03-14 18:30:00,MCX:CRUDEOIL1!,6063.0,6065.0,6026.0,6034.0,338.0
2023-03-14 18:45:00,MCX:CRUDEOIL1!,6033.0,6035.0,5997.0,6011.0,424.0
2023-03-14 19:00:00,MCX:CRUDEOIL1!,6013.0,6063.0,6011.0,6048.0,491.0
2023-03-14 19:15:00,MCX:CRUDEOIL1!,6048.0,6122.0,6048.0,6114.0,531.0
2023-03-14 19:30:00,MCX:CRUDEOIL1!,6116.0,6119.0,6085.0,6097.0,444.0
2023-03-14 19:45:00,MCX:CRUDEOIL1!,6097.0,6111.0,6085.0,6105.0,313.0
2023-03-14 20:00:00,MCX:CRUDEOIL1!,6107.0,6110.0,6068.0,6093.0,288.0
2023-03-14 20:15:00,MCX:CRUDEOIL1!,6094.0,6101.0,6077.0,6077.0,192.0
2023-03-14 20:30:00,MCX:CRUDEOIL1!,6074.0,6100.0,6048.0,6100.0,329.0
2023-03-14 20:45:00,MCX:CRUDEOIL1!,6100.0,6130.0,6100.0,6120.0,458.0
2023-03-14 21:00:00,MCX:CRUDEOIL1!,6122.0,6128.0,6089.0,6097.0,280.0
2023-03-14 21:15:00,MCX:CRUDEOIL1!,6095.0,6112.0,6080.0,6088.0,310.0
2023-03-14 21:30:00,MCX:CRUDEOIL1!,6088.0,6091.0,6068.0,6079.0,209.0
2023-03-14 21:45:00,MCX:CRUDEOIL1!,6078.0,6078.0,6048.0,6055.0,376.0
2023-03-14 22:00:00,MCX:CRUDEOIL1!,6057.0,6057.0,6020.0,6023.0,402.0
2023-03-14 22:15:00,MCX:CRUDEOIL1!,6021.0,6029.0,6009.0,6028.0,376.0
2023-03-14 22:30:00,MCX:CRUDEOIL1!,6028.0,6044.0,6009.0,6016.0,347.0
2023-03-14 22:45:00,MCX:CRUDEOIL1!,6015.0,6019.0,5972.0,5997.0,535.0
2023-03-14 23:00:00,MCX:CRUDEOIL1!,5993.0,6010.0,5978.0,5984.0,326.0
2023-03-14 23:15:00,MCX:CRUDEOIL1!,5985.0,5990.0,5965.0,5965.0,411.0
2023-03-15 09:00:00,MCX:CRUDEOIL1!,5968.0,5977.0,5961.0,5974.0,246.0
2023-03-15 09:15:00,MCX:CRUDEOIL1!,5975.0,5976.0,5969.0,5973.0,92.0
2023-03-15 09:30:00,MCX:CRUDEOIL1!,5975.0,5976.0,5971.0,5972.0,35.0
2023-03-15 09:45:00,MCX:CRUDEOIL1!,5973.0,5978.0,5970.0,5974.0,81.0
2023-03-15 10:00:00,MCX:CRUDEOIL1!,5976.0,5979.0,5974.0,5979.0,113.0
2023-03-15 10:15:00,MCX:CRUDEOIL1!,5977.0,5983.0,5977.0,5982.0,61.0
2023-03-15 10:30:00,MCX:CRUDEOIL1!,5983.0,5984.0,5978.0,5981.0,54.0
2023-03-15 10:45:00,MCX:CRUDEOIL1!,5979.0,5982.0,5964.0,5966.0,80.0
2023-03-15 11:00:00,MCX:CRUDEOIL1!,5965.0,5965.0,5951.0,5955.0,170.0
2023-03-15 11:15:00,MCX:CRUDEOIL1!,5955.0,5959.0,5952.0,5957.0,99.0
2023-03-15 11:30:00,MCX:CRUDEOIL1!,5958.0,5964.0,5953.0,5960.0,87.0
2023-03-15 11:45:00,MCX:CRUDEOIL1!,5962.0,5968.0,5960.0,5963.0,48.0
2023-03-15 12:00:00,MCX:CRUDEOIL1!,5964.0,5967.0,5958.0,5967.0,49.0
2023-03-15 12:15:00,MCX:CRUDEOIL1!,5968.0,5975.0,5967.0,5967.0,76.0
2023-03-15 12:30:00,MCX:CRUDEOIL1!,5966.0,5972.0,5960.0,5969.0,59.0
2023-03-15 12:45:00,MCX:CRUDEOIL1!,5969.0,5977.0,5961.0,5975.0,62.0
2023-03-15 13:00:00,MCX:CRUDEOIL1!,5975.0,5975.0,5956.0,5968.0,137.0
2023-03-15 13:15:00,MCX:CRUDEOIL1!,5965.0,5978.0,5961.0,5965.0,103.0
2023-03-15 13:30:00,MCX:CRUDEOIL1!,5963.0,5966.0,5948.0,5961.0,151.0
2023-03-15 13:45:00,MCX:CRUDEOIL1!,5958.0,5976.0,5957.0,5976.0,145.0
2023-03-15 14:00:00,MCX:CRUDEOIL1!,5978.0,5993.0,5956.0,5980.0,196.0
2023-03-15 14:15:00,MCX:CRUDEOIL1!,5979.0,5990.0,5963.0,5963.0,139.0
2023-03-15 14:30:00,MCX:CRUDEOIL1!,5959.0,5963.0,5923.0,5928.0,263.0
2023-03-15 14:45:00,MCX:CRUDEOIL1!,5929.0,5940.0,5916.0,5928.0,186.0
2023-03-15 15:00:00,MCX:CRUDEOIL1!,5927.0,5948.0,5919.0,5935.0,177.0
2023-03-15 15:15:00,MCX:CRUDEOIL1!,5935.0,5947.0,5932.0,5943.0,167.0
2023-03-15 15:30:00,MCX:CRUDEOIL1!,5941.0,5941.0,5901.0,5905.0,291.0
2023-03-15 15:45:00,MCX:CRUDEOIL1!,5905.0,5927.0,5900.0,5909.0,286.0
2023-03-15 16:00:00,MCX:CRUDEOIL1!,5911.0,5933.0,5890.0,5893.0,375.0
2023-03-15 16:15:00,MCX:CRUDEOIL1!,5891.0,5897.0,5796.0,5800.0,546.0
2023-03-15 16:30:00,MCX:CRUDEOIL1!,5800.0,5844.0,5792.0,5812.0,526.0
2023-03-15 16:45:00,MCX:CRUDEOIL1!,5811.0,5830.0,5803.0,5826.0,219.0
2023-03-15 17:00:00,MCX:CRUDEOIL1!,5827.0,5839.0,5814.0,5829.0,308.0
2023-03-15 17:15:00,MCX:CRUDEOIL1!,5829.0,5851.0,5815.0,5844.0,245.0
2023-03-15 17:30:00,MCX:CRUDEOIL1!,5842.0,5842.0,5806.0,5825.0,312.0
2023-03-15 17:45:00,MCX:CRUDEOIL1!,5825.0,5840.0,5822.0,5827.0,199.0
2023-03-15 18:00:00,MCX:CRUDEOIL1!,5826.0,5836.0,5776.0,5777.0,454.0
2023-03-15 18:15:00,MCX:CRUDEOIL1!,5778.0,5791.0,5744.0,5761.0,428.0
2023-03-15 18:30:00,MCX:CRUDEOIL1!,5754.0,5766.0,5719.0,5727.0,648.0
2023-03-15 18:45:00,MCX:CRUDEOIL1!,5728.0,5728.0,5654.0,5664.0,595.0
2023-03-15 19:00:00,MCX:CRUDEOIL1!,5663.0,5717.0,5635.0,5710.0,741.0
2023-03-15 19:15:00,MCX:CRUDEOIL1!,5712.0,5713.0,5652.0,5674.0,461.0
2023-03-15 19:30:00,MCX:CRUDEOIL1!,5675.0,5743.0,5669.0,5718.0,461.0
2023-03-15 19:45:00,MCX:CRUDEOIL1!,5719.0,5729.0,5682.0,5695.0,357.0
2023-03-15 20:00:00,MCX:CRUDEOIL1!,5688.0,5739.0,5663.0,5671.0,629.0
2023-03-15 20:15:00,MCX:CRUDEOIL1!,5668.0,5688.0,5625.0,5625.0,537.0
2023-03-15 20:30:00,MCX:CRUDEOIL1!,5625.0,5652.0,5617.0,5641.0,429.0
2023-03-15 20:45:00,MCX:CRUDEOIL1!,5640.0,5643.0,5614.0,5625.0,410.0
2023-03-15 21:00:00,MCX:CRUDEOIL1!,5623.0,5664.0,5588.0,5588.0,458.0
2023-03-15 21:15:00,MCX:CRUDEOIL1!,5588.0,5612.0,5565.0,5579.0,515.0
2023-03-15 21:30:00,MCX:CRUDEOIL1!,5576.0,5593.0,5504.0,5513.0,576.0
2023-03-15 21:45:00,MCX:CRUDEOIL1!,5513.0,5532.0,5484.0,5524.0,574.0
2023-03-15 22:00:00,MCX:CRUDEOIL1!,5523.0,5548.0,5505.0,5518.0,470.0
2023-03-15 22:15:00,MCX:CRUDEOIL1!,5520.0,5538.0,5459.0,5468.0,461.0
2023-03-15 22:30:00,MCX:CRUDEOIL1!,5466.0,5522.0,5445.0,5519.0,566.0
2023-03-15 22:45:00,MCX:CRUDEOIL1!,5519.0,5525.0,5499.0,5507.0,326.0
2023-03-15 23:00:00,MCX:CRUDEOIL1!,5509.0,5573.0,5503.0,5568.0,431.0
2023-03-15 23:15:00,MCX:CRUDEOIL1!,5568.0,5604.0,5562.0,5585.0,588.0
2023-03-16 09:00:00,MCX:CRUDEOIL1!,5628.0,5642.0,5624.0,5627.0,278.0
2023-03-16 09:15:00,MCX:CRUDEOIL1!,5626.0,5630.0,5621.0,5626.0,104.0
2023-03-16 09:30:00,MCX:CRUDEOIL1!,5628.0,5639.0,5624.0,5637.0,89.0
2023-03-16 09:45:00,MCX:CRUDEOIL1!,5637.0,5647.0,5635.0,5645.0,72.0
2023-03-16 10:00:00,MCX:CRUDEOIL1!,5646.0,5652.0,5643.0,5647.0,104.0
2023-03-16 10:15:00,MCX:CRUDEOIL1!,5648.0,5669.0,5648.0,5666.0,124.0
2023-03-16 10:30:00,MCX:CRUDEOIL1!,5666.0,5670.0,5660.0,5664.0,76.0
2023-03-16 10:45:00,MCX:CRUDEOIL1!,5664.0,5665.0,5654.0,5655.0,53.0
2023-03-16 11:00:00,MCX:CRUDEOIL1!,5652.0,5657.0,5639.0,5652.0,105.0
2023-03-16 11:15:00,MCX:CRUDEOIL1!,5652.0,5656.0,5644.0,5644.0,54.0
2023-03-16 11:30:00,MCX:CRUDEOIL1!,5645.0,5650.0,5638.0,5641.0,73.0
2023-03-16 11:45:00,MCX:CRUDEOIL1!,5640.0,5640.0,5617.0,5625.0,92.0
2023-03-16 12:00:00,MCX:CRUDEOIL1!,5624.0,5636.0,5624.0,5631.0,67.0
2023-03-16 12:15:00,MCX:CRUDEOIL1!,5631.0,5641.0,5630.0,5635.0,44.0
2023-03-16 12:30:00,MCX:CRUDEOIL1!,5632.0,5642.0,5617.0,5617.0,90.0
2023-03-16 12:45:00,MCX:CRUDEOIL1!,5617.0,5622.0,5606.0,5612.0,102.0
2023-03-16 13:00:00,MCX:CRUDEOIL1!,5611.0,5632.0,5611.0,5629.0,71.0
2023-03-16 13:15:00,MCX:CRUDEOIL1!,5621.0,5621.0,5600.0,5607.0,67.0
2023-03-16 13:30:00,MCX:CRUDEOIL1!,5605.0,5656.0,5605.0,5619.0,182.0
2023-03-16 13:45:00,MCX:CRUDEOIL1!,5620.0,5661.0,5610.0,5650.0,162.0
2023-03-16 14:00:00,MCX:CRUDEOIL1!,5652.0,5665.0,5642.0,5653.0,105.0
2023-03-16 14:15:00,MCX:CRUDEOIL1!,5653.0,5670.0,5638.0,5644.0,128.0
2023-03-16 14:30:00,MCX:CRUDEOIL1!,5638.0,5668.0,5633.0,5636.0,86.0
2023-03-16 14:45:00,MCX:CRUDEOIL1!,5635.0,5637.0,5609.0,5629.0,127.0
2023-03-16 15:00:00,MCX:CRUDEOIL1!,5631.0,5662.0,5629.0,5653.0,88.0
2023-03-16 15:15:00,MCX:CRUDEOIL1!,5651.0,5661.0,5638.0,5659.0,90.0
2023-03-16 15:30:00,MCX:CRUDEOIL1!,5659.0,5660.0,5633.0,5642.0,101.0
2023-03-16 15:45:00,MCX:CRUDEOIL1!,5647.0,5683.0,5636.0,5681.0,147.0
2023-03-16 16:00:00,MCX:CRUDEOIL1!,5681.0,5683.0,5648.0,5652.0,174.0
2023-03-16 16:15:00,MCX:CRUDEOIL1!,5650.0,5650.0,5635.0,5650.0,118.0
2023-03-16 16:30:00,MCX:CRUDEOIL1!,5651.0,5651.0,5569.0,5572.0,263.0
2023-03-16 16:45:00,MCX:CRUDEOIL1!,5572.0,5598.0,5565.0,5586.0,273.0
2023-03-16 17:00:00,MCX:CRUDEOIL1!,5587.0,5618.0,5587.0,5601.0,198.0
2023-03-16 17:15:00,MCX:CRUDEOIL1!,5606.0,5620.0,5601.0,5612.0,135.0
2023-03-16 17:30:00,MCX:CRUDEOIL1!,5614.0,5646.0,5612.0,5625.0,172.0
2023-03-16 17:45:00,MCX:CRUDEOIL1!,5625.0,5628.0,5590.0,5604.0,161.0
2023-03-16 18:00:00,MCX:CRUDEOIL1!,5604.0,5611.0,5569.0,5605.0,253.0
2023-03-16 18:15:00,MCX:CRUDEOIL1!,5601.0,5629.0,5589.0,5603.0,203.0
2023-03-16 18:30:00,MCX:CRUDEOIL1!,5600.0,5600.0,5556.0,5567.0,339.0
2023-03-16 18:45:00,MCX:CRUDEOIL1!,5565.0,5566.0,5509.0,5522.0,418.0
2023-03-16 19:00:00,MCX:CRUDEOIL1!,5523.0,5545.0,5490.0,5536.0,432.0
2023-03-16 19:15:00,MCX:CRUDEOIL1!,5540.0,5556.0,5517.0,5553.0,273.0
2023-03-16 19:30:00,MCX:CRUDEOIL1!,5550.0,5552.0,5479.0,5484.0,266.0
2023-03-16 19:45:00,MCX:CRUDEOIL1!,5483.0,5496.0,5447.0,5475.0,416.0
2023-03-16 20:00:00,MCX:CRUDEOIL1!,5478.0,5503.0,5467.0,5482.0,330.0
2023-03-16 20:15:00,MCX:CRUDEOIL1!,5481.0,5648.0,5481.0,5637.0,716.0
2023-03-16 20:30:00,MCX:CRUDEOIL1!,5635.0,5649.0,5585.0,5607.0,422.0
2023-03-16 20:45:00,MCX:CRUDEOIL1!,5605.0,5618.0,5572.0,5576.0,263.0
2023-03-16 21:00:00,MCX:CRUDEOIL1!,5574.0,5595.0,5554.0,5582.0,311.0
2023-03-16 21:15:00,MCX:CRUDEOIL1!,5584.0,5615.0,5571.0,5607.0,274.0
2023-03-16 21:30:00,MCX:CRUDEOIL1!,5608.0,5623.0,5576.0,5583.0,323.0
2023-03-16 21:45:00,MCX:CRUDEOIL1!,5582.0,5642.0,5573.0,5635.0,328.0
2023-03-16 22:00:00,MCX:CRUDEOIL1!,5633.0,5662.0,5614.0,5657.0,378.0
2023-03-16 22:15:00,MCX:CRUDEOIL1!,5658.0,5694.0,5645.0,5686.0,389.0
2023-03-16 22:30:00,MCX:CRUDEOIL1!,5688.0,5728.0,5688.0,5703.0,622.0
2023-03-16 22:45:00,MCX:CRUDEOIL1!,5701.0,5705.0,5668.0,5687.0,463.0
2023-03-16 23:00:00,MCX:CRUDEOIL1!,5686.0,5697.0,5669.0,5694.0,375.0
2023-03-16 23:15:00,MCX:CRUDEOIL1!,5694.0,5725.0,5684.0,5711.0,533.0
2023-03-16 23:30:00,MCX:CRUDEOIL1!,5711.0,5711.0,5711.0,5711.0,1.0
2023-03-17 09:00:00,MCX:CRUDEOIL1!,5700.0,5723.0,5655.0,5706.0,241.0
2023-03-17 09:15:00,MCX:CRUDEOIL1!,5705.0,5711.0,5701.0,5707.0,68.0
2023-03-17 09:30:00,MCX:CRUDEOIL1!,5707.0,5710.0,5705.0,5706.0,39.0
2023-03-17 09:45:00,MCX:CRUDEOIL1!,5708.0,5717.0,5707.0,5707.0,56.0
2023-03-17 10:00:00,MCX:CRUDEOIL1!,5707.0,5710.0,5700.0,5706.0,50.0
2023-03-17 10:15:00,MCX:CRUDEOIL1!,5708.0,5710.0,5703.0,5704.0,46.0
2023-03-17 10:30:00,MCX:CRUDEOIL1!,5703.0,5703.0,5694.0,5699.0,60.0
2023-03-17 10:45:00,MCX:CRUDEOIL1!,5699.0,5704.0,5698.0,5699.0,40.0
2023-03-17 11:00:00,MCX:CRUDEOIL1!,5701.0,5702.0,5687.0,5690.0,33.0
2023-03-17 11:15:00,MCX:CRUDEOIL1!,5689.0,5692.0,5687.0,5690.0,38.0
2023-03-17 11:30:00,MCX:CRUDEOIL1!,5685.0,5687.0,5672.0,5679.0,54.0
2023-03-17 11:45:00,MCX:CRUDEOIL1!,5675.0,5681.0,5664.0,5666.0,53.0
2023-03-17 12:00:00,MCX:CRUDEOIL1!,5666.0,5666.0,5646.0,5664.0,82.0
2023-03-17 12:15:00,MCX:CRUDEOIL1!,5662.0,5673.0,5660.0,5660.0,56.0
2023-03-17 12:30:00,MCX:CRUDEOIL1!,5660.0,5667.0,5653.0,5664.0,33.0
2023-03-17 12:45:00,MCX:CRUDEOIL1!,5670.0,5695.0,5670.0,5691.0,74.0
2023-03-17 13:00:00,MCX:CRUDEOIL1!,5690.0,5691.0,5666.0,5666.0,41.0
2023-03-17 13:15:00,MCX:CRUDEOIL1!,5667.0,5703.0,5667.0,5702.0,53.0
2023-03-17 13:30:00,MCX:CRUDEOIL1!,5697.0,5726.0,5693.0,5695.0,117.0
2023-03-17 13:45:00,MCX:CRUDEOIL1!,5694.0,5709.0,5685.0,5700.0,85.0
2023-03-17 14:00:00,MCX:CRUDEOIL1!,5702.0,5706.0,5678.0,5682.0,69.0
2023-03-17 14:15:00,MCX:CRUDEOIL1!,5682.0,5691.0,5665.0,5689.0,49.0
2023-03-17 14:30:00,MCX:CRUDEOIL1!,5691.0,5703.0,5678.0,5680.0,61.0
2023-03-17 14:45:00,MCX:CRUDEOIL1!,5683.0,5696.0,5678.0,5696.0,18.0
2023-03-17 15:00:00,MCX:CRUDEOIL1!,5690.0,5738.0,5690.0,5719.0,118.0
2023-03-17 15:15:00,MCX:CRUDEOIL1!,5719.0,5736.0,5704.0,5735.0,79.0
2023-03-17 15:30:00,MCX:CRUDEOIL1!,5736.0,5750.0,5733.0,5736.0,171.0
2023-03-17 15:45:00,MCX:CRUDEOIL1!,5731.0,5747.0,5724.0,5734.0,84.0
2023-03-17 16:00:00,MCX:CRUDEOIL1!,5733.0,5749.0,5729.0,5739.0,70.0
2023-03-17 16:15:00,MCX:CRUDEOIL1!,5738.0,5752.0,5722.0,5739.0,69.0
2023-03-17 16:30:00,MCX:CRUDEOIL1!,5735.0,5736.0,5689.0,5696.0,123.0
2023-03-17 16:45:00,MCX:CRUDEOIL1!,5697.0,5711.0,5659.0,5665.0,196.0
2023-03-17 17:00:00,MCX:CRUDEOIL1!,5664.0,5694.0,5658.0,5675.0,117.0
2023-03-17 17:15:00,MCX:CRUDEOIL1!,5675.0,5703.0,5675.0,5696.0,84.0
2023-03-17 17:30:00,MCX:CRUDEOIL1!,5692.0,5695.0,5663.0,5665.0,88.0
2023-03-17 17:45:00,MCX:CRUDEOIL1!,5664.0,5676.0,5627.0,5630.0,212.0
2023-03-17 18:00:00,MCX:CRUDEOIL1!,5627.0,5647.0,5582.0,5582.0,210.0
2023-03-17 18:15:00,MCX:CRUDEOIL1!,5585.0,5598.0,5540.0,5581.0,248.0
2023-03-17 18:30:00,MCX:CRUDEOIL1!,5595.0,5600.0,5554.0,5587.0,167.0
2023-03-17 18:45:00,MCX:CRUDEOIL1!,5587.0,5628.0,5569.0,5606.0,167.0
2023-03-17 19:00:00,MCX:CRUDEOIL1!,5614.0,5614.0,5552.0,5571.0,155.0
2023-03-17 19:15:00,MCX:CRUDEOIL1!,5562.0,5562.0,5510.0,5510.0,194.0
2023-03-17 19:30:00,MCX:CRUDEOIL1!,5518.0,5550.0,5478.0,5497.0,193.0
2023-03-17 19:45:00,MCX:CRUDEOIL1!,5495.0,5522.0,5475.0,5494.0,170.0
2023-03-17 20:00:00,MCX:CRUDEOIL1!,5494.0,5528.0,5475.0,5478.0,162.0
2023-03-17 20:15:00,MCX:CRUDEOIL1!,5479.0,5510.0,5465.0,5475.0,137.0
2023-03-17 20:30:00,MCX:CRUDEOIL1!,5466.0,5490.0,5450.0,5490.0,151.0
2023-03-17 20:45:00,MCX:CRUDEOIL1!,5487.0,5502.0,5445.0,5453.0,161.0
2023-03-17 21:00:00,MCX:CRUDEOIL1!,5455.0,5459.0,5393.0,5403.0,235.0
2023-03-17 21:15:00,MCX:CRUDEOIL1!,5405.0,5520.0,5405.0,5512.0,282.0
2023-03-17 21:30:00,MCX:CRUDEOIL1!,5512.0,5550.0,5500.0,5518.0,203.0
2023-03-17 21:45:00,MCX:CRUDEOIL1!,5524.0,5564.0,5522.0,5549.0,153.0
2023-03-17 22:00:00,MCX:CRUDEOIL1!,5553.0,5570.0,5483.0,5522.0,217.0
2023-03-17 22:15:00,MCX:CRUDEOIL1!,5514.0,5538.0,5489.0,5537.0,145.0
2023-03-17 22:30:00,MCX:CRUDEOIL1!,5530.0,5553.0,5514.0,5533.0,149.0
2023-03-17 22:45:00,MCX:CRUDEOIL1!,5533.0,5537.0,5504.0,5531.0,90.0
2023-03-17 23:00:00,MCX:CRUDEOIL1!,5533.0,5544.0,5514.0,5535.0,104.0
2023-03-17 23:15:00,MCX:CRUDEOIL1!,5517.0,5547.0,5512.0,5529.0,135.0
2023-03-20 09:00:00,MCX:CRUDEOIL1!,5484.0,5489.0,5474.0,5477.0,53.0
2023-03-20 09:15:00,MCX:CRUDEOIL1!,5477.0,5484.0,5477.0,5484.0,56.0
2023-03-20 09:30:00,MCX:CRUDEOIL1!,5476.0,5481.0,5476.0,5479.0,82.0
2023-03-20 09:45:00,MCX:CRUDEOIL1!,5478.0,5483.0,5472.0,5473.0,66.0
2023-03-20 10:00:00,MCX:CRUDEOIL1!,5474.0,5475.0,5463.0,5468.0,51.0
2023-03-20 10:15:00,MCX:CRUDEOIL1!,5469.0,5471.0,5465.0,5465.0,74.0
2023-03-20 10:30:00,MCX:CRUDEOIL1!,5467.0,5472.0,5465.0,5466.0,33.0
2023-03-20 10:45:00,MCX:CRUDEOIL1!,5467.0,5467.0,5461.0,5461.0,40.0
2023-03-20 11:00:00,MCX:CRUDEOIL1!,5461.0,5467.0,5455.0,5455.0,39.0
2023-03-20 11:15:00,MCX:CRUDEOIL1!,5456.0,5463.0,5451.0,5451.0,55.0
2023-03-20 11:30:00,MCX:CRUDEOIL1!,5451.0,5451.0,5415.0,5415.0,44.0
2023-03-20 11:45:00,MCX:CRUDEOIL1!,5415.0,5425.0,5405.0,5406.0,85.0
2023-03-20 12:00:00,MCX:CRUDEOIL1!,5402.0,5403.0,5380.0,5380.0,97.0
2023-03-20 12:15:00,MCX:CRUDEOIL1!,5384.0,5384.0,5355.0,5356.0,67.0
2023-03-20 12:30:00,MCX:CRUDEOIL1!,5356.0,5357.0,5327.0,5340.0,109.0
2023-03-20 12:45:00,MCX:CRUDEOIL1!,5340.0,5375.0,5336.0,5360.0,79.0
2023-03-20 13:00:00,MCX:CRUDEOIL1!,5362.0,5368.0,5348.0,5357.0,42.0
2023-03-20 13:15:00,MCX:CRUDEOIL1!,5352.0,5355.0,5336.0,5342.0,15.0
2023-03-20 13:30:00,MCX:CRUDEOIL1!,5343.0,5368.0,5343.0,5354.0,57.0
2023-03-20 13:45:00,MCX:CRUDEOIL1!,5345.0,5345.0,5301.0,5309.0,38.0
2023-03-20 14:00:00,MCX:CRUDEOIL1!,5308.0,5332.0,5290.0,5332.0,111.0
2023-03-20 14:15:00,MCX:CRUDEOIL1!,5332.0,5381.0,5332.0,5370.0,117.0
2023-03-20 14:30:00,MCX:CRUDEOIL1!,5376.0,5426.0,5371.0,5385.0,95.0
2023-03-20 14:45:00,MCX:CRUDEOIL1!,5386.0,5403.0,5370.0,5391.0,36.0
2023-03-20 15:00:00,MCX:CRUDEOIL1!,5401.0,5403.0,5355.0,5355.0,45.0
2023-03-20 15:15:00,MCX:CRUDEOIL1!,5357.0,5373.0,5338.0,5344.0,54.0
2023-03-20 15:30:00,MCX:CRUDEOIL1!,5347.0,5397.0,5335.0,5388.0,63.0
2023-03-20 15:45:00,MCX:CRUDEOIL1!,5389.0,5389.0,5347.0,5350.0,34.0
2023-03-20 16:00:00,MCX:CRUDEOIL1!,5346.0,5409.0,5342.0,5404.0,82.0
2023-03-20 16:15:00,MCX:CRUDEOIL1!,5405.0,5425.0,5404.0,5406.0,64.0
2023-03-20 16:30:00,MCX:CRUDEOIL1!,5401.0,5430.0,5390.0,5413.0,40.0
2023-03-20 16:45:00,MCX:CRUDEOIL1!,5425.0,5444.0,5412.0,5433.0,45.0
2023-03-20 17:00:00,MCX:CRUDEOIL1!,5435.0,5440.0,5405.0,5427.0,69.0
2023-03-20 17:15:00,MCX:CRUDEOIL1!,5425.0,5437.0,5420.0,5437.0,60.0
2023-03-20 17:30:00,MCX:CRUDEOIL1!,5437.0,5448.0,5432.0,5440.0,41.0
2023-03-20 17:45:00,MCX:CRUDEOIL1!,5447.0,5465.0,5435.0,5444.0,62.0
2023-03-20 18:00:00,MCX:CRUDEOIL1!,5452.0,5471.0,5443.0,5471.0,48.0
2023-03-20 18:15:00,MCX:CRUDEOIL1!,5467.0,5505.0,5467.0,5504.0,41.0
2023-03-20 18:30:00,MCX:CRUDEOIL1!,5508.0,5512.0,5460.0,5511.0,104.0
2023-03-20 18:45:00,MCX:CRUDEOIL1!,5506.0,5513.0,5456.0,5471.0,58.0
2023-03-20 19:00:00,MCX:CRUDEOIL1!,5467.0,5505.0,5467.0,5480.0,34.0
2023-03-20 19:15:00,MCX:CRUDEOIL1!,5480.0,5480.0,5404.0,5428.0,81.0
2023-03-20 19:30:00,MCX:CRUDEOIL1!,5438.0,5454.0,5397.0,5421.0,59.0
2023-03-20 19:45:00,MCX:CRUDEOIL1!,5421.0,5431.0,5401.0,5424.0,49.0
2023-03-20 20:00:00,MCX:CRUDEOIL1!,5424.0,5438.0,5420.0,5430.0,18.0
2023-03-20 20:15:00,MCX:CRUDEOIL1!,5435.0,5455.0,5420.0,5441.0,31.0
2023-03-20 20:30:00,MCX:CRUDEOIL1!,5448.0,5471.0,5446.0,5453.0,59.0
2023-03-20 20:45:00,MCX:CRUDEOIL1!,5451.0,5490.0,5440.0,5487.0,69.0
2023-03-20 21:00:00,MCX:CRUDEOIL1!,5487.0,5492.0,5461.0,5476.0,77.0
2023-03-20 21:15:00,MCX:CRUDEOIL1!,5471.0,5490.0,5460.0,5464.0,52.0
2023-03-20 21:30:00,MCX:CRUDEOIL1!,5463.0,5477.0,5433.0,5446.0,60.0
2023-03-20 21:45:00,MCX:CRUDEOIL1!,5447.0,5479.0,5435.0,5465.0,53.0
2023-03-20 22:00:00,MCX:CRUDEOIL1!,5466.0,5474.0,5431.0,5444.0,85.0
2023-03-20 22:15:00,MCX:CRUDEOIL1!,5446.0,5450.0,5418.0,5434.0,48.0
2023-03-20 22:30:00,MCX:CRUDEOIL1!,5421.0,5481.0,5420.0,5480.0,107.0
2023-03-20 22:45:00,MCX:CRUDEOIL1!,5480.0,5511.0,5470.0,5480.0,106.0
2023-03-20 23:00:00,MCX:CRUDEOIL1!,5473.0,5481.0,5447.0,5460.0,71.0
2023-03-20 23:15:00,MCX:CRUDEOIL1!,5465.0,5475.0,5445.0,5457.0,96.0
2023-03-20 23:30:00,MCX:CRUDEOIL1!,5460.0,5460.0,5460.0,5460.0,1.0
2023-03-21 09:00:00,MCX:CRUDEOIL1!,5566.0,5581.0,5566.0,5578.0,286.0
2023-03-21 09:15:00,MCX:CRUDEOIL1!,5576.0,5587.0,5575.0,5585.0,101.0
2023-03-21 09:30:00,MCX:CRUDEOIL1!,5585.0,5587.0,5580.0,5581.0,75.0
2023-03-21 09:45:00,MCX:CRUDEOIL1!,5581.0,5591.0,5580.0,5587.0,61.0
2023-03-21 10:00:00,MCX:CRUDEOIL1!,5586.0,5593.0,5586.0,5589.0,54.0
2023-03-21 10:15:00,MCX:CRUDEOIL1!,5588.0,5590.0,5585.0,5587.0,40.0
2023-03-21 10:30:00,MCX:CRUDEOIL1!,5588.0,5591.0,5586.0,5590.0,45.0
2023-03-21 10:45:00,MCX:CRUDEOIL1!,5590.0,5605.0,5590.0,5600.0,121.0
2023-03-21 11:00:00,MCX:CRUDEOIL1!,5600.0,5605.0,5595.0,5602.0,84.0
2023-03-21 11:15:00,MCX:CRUDEOIL1!,5600.0,5602.0,5584.0,5587.0,100.0
2023-03-21 11:30:00,MCX:CRUDEOIL1!,5586.0,5600.0,5586.0,5594.0,73.0
2023-03-21 11:45:00,MCX:CRUDEOIL1!,5595.0,5600.0,5587.0,5588.0,88.0
2023-03-21 12:00:00,MCX:CRUDEOIL1!,5587.0,5594.0,5576.0,5590.0,117.0
2023-03-21 12:15:00,MCX:CRUDEOIL1!,5589.0,5607.0,5589.0,5606.0,105.0
2023-03-21 12:30:00,MCX:CRUDEOIL1!,5606.0,5615.0,5602.0,5603.0,120.0
2023-03-21 12:45:00,MCX:CRUDEOIL1!,5605.0,5609.0,5584.0,5584.0,123.0
2023-03-21 13:00:00,MCX:CRUDEOIL1!,5584.0,5591.0,5566.0,5573.0,142.0
2023-03-21 13:15:00,MCX:CRUDEOIL1!,5575.0,5599.0,5570.0,5576.0,152.0
2023-03-21 13:30:00,MCX:CRUDEOIL1!,5574.0,5590.0,5567.0,5574.0,112.0
2023-03-21 13:45:00,MCX:CRUDEOIL1!,5581.0,5669.0,5581.0,5665.0,464.0
2023-03-21 14:00:00,MCX:CRUDEOIL1!,5669.0,5693.0,5661.0,5688.0,403.0
2023-03-21 14:15:00,MCX:CRUDEOIL1!,5689.0,5702.0,5672.0,5690.0,294.0
2023-03-21 14:30:00,MCX:CRUDEOIL1!,5689.0,5702.0,5681.0,5689.0,201.0
2023-03-21 14:45:00,MCX:CRUDEOIL1!,5689.0,5708.0,5678.0,5705.0,147.0
2023-03-21 15:00:00,MCX:CRUDEOIL1!,5705.0,5708.0,5693.0,5705.0,186.0
2023-03-21 15:15:00,MCX:CRUDEOIL1!,5702.0,5710.0,5686.0,5707.0,172.0
2023-03-21 15:30:00,MCX:CRUDEOIL1!,5707.0,5709.0,5685.0,5698.0,222.0
2023-03-21 15:45:00,MCX:CRUDEOIL1!,5699.0,5719.0,5699.0,5712.0,195.0
2023-03-21 16:00:00,MCX:CRUDEOIL1!,5713.0,5717.0,5698.0,5702.0,186.0
2023-03-21 16:15:00,MCX:CRUDEOIL1!,5702.0,5703.0,5693.0,5695.0,196.0
2023-03-21 16:30:00,MCX:CRUDEOIL1!,5695.0,5701.0,5671.0,5674.0,185.0
2023-03-21 16:45:00,MCX:CRUDEOIL1!,5672.0,5675.0,5647.0,5664.0,312.0
2023-03-21 17:00:00,MCX:CRUDEOIL1!,5665.0,5689.0,5664.0,5675.0,278.0
2023-03-21 17:15:00,MCX:CRUDEOIL1!,5674.0,5710.0,5669.0,5710.0,245.0
2023-03-21 17:30:00,MCX:CRUDEOIL1!,5709.0,5737.0,5708.0,5723.0,358.0
2023-03-21 17:45:00,MCX:CRUDEOIL1!,5725.0,5725.0,5700.0,5722.0,263.0
2023-03-21 18:00:00,MCX:CRUDEOIL1!,5721.0,5738.0,5714.0,5736.0,243.0
2023-03-21 18:15:00,MCX:CRUDEOIL1!,5738.0,5744.0,5722.0,5730.0,271.0
2023-03-21 18:30:00,MCX:CRUDEOIL1!,5724.0,5731.0,5685.0,5702.0,480.0
2023-03-21 18:45:00,MCX:CRUDEOIL1!,5700.0,5715.0,5688.0,5703.0,246.0
2023-03-21 19:00:00,MCX:CRUDEOIL1!,5705.0,5764.0,5705.0,5759.0,545.0
2023-03-21 19:15:00,MCX:CRUDEOIL1!,5760.0,5774.0,5732.0,5739.0,417.0
2023-03-21 19:30:00,MCX:CRUDEOIL1!,5740.0,5753.0,5717.0,5736.0,347.0
2023-03-21 19:45:00,MCX:CRUDEOIL1!,5734.0,5736.0,5672.0,5718.0,595.0
2023-03-21 20:00:00,MCX:CRUDEOIL1!,5719.0,5738.0,5693.0,5725.0,471.0
2023-03-21 20:15:00,MCX:CRUDEOIL1!,5726.0,5734.0,5700.0,5713.0,284.0
2023-03-21 20:30:00,MCX:CRUDEOIL1!,5712.0,5720.0,5685.0,5714.0,387.0
2023-03-21 20:45:00,MCX:CRUDEOIL1!,5716.0,5732.0,5710.0,5720.0,273.0
2023-03-21 21:00:00,MCX:CRUDEOIL1!,5717.0,5729.0,5686.0,5688.0,308.0
2023-03-21 21:15:00,MCX:CRUDEOIL1!,5687.0,5704.0,5671.0,5694.0,338.0
2023-03-21 21:30:00,MCX:CRUDEOIL1!,5694.0,5719.0,5687.0,5717.0,289.0
2023-03-21 21:45:00,MCX:CRUDEOIL1!,5717.0,5733.0,5714.0,5716.0,339.0
2023-03-21 22:00:00,MCX:CRUDEOIL1!,5715.0,5723.0,5700.0,5710.0,279.0
2023-03-21 22:15:00,MCX:CRUDEOIL1!,5710.0,5736.0,5710.0,5725.0,243.0
2023-03-21 22:30:00,MCX:CRUDEOIL1!,5725.0,5751.0,5716.0,5748.0,286.0
2023-03-21 22:45:00,MCX:CRUDEOIL1!,5746.0,5785.0,5744.0,5779.0,489.0
2023-03-21 23:00:00,MCX:CRUDEOIL1!,5780.0,5781.0,5752.0,5770.0,405.0
2023-03-21 23:15:00,MCX:CRUDEOIL1!,5769.0,5790.0,5769.0,5777.0,356.0
2023-03-22 09:00:00,MCX:CRUDEOIL1!,5745.0,5753.0,5738.0,5748.0,236.0
2023-03-22 09:15:00,MCX:CRUDEOIL1!,5750.0,5755.0,5745.0,5754.0,78.0
2023-03-22 09:30:00,MCX:CRUDEOIL1!,5753.0,5754.0,5751.0,5752.0,30.0
2023-03-22 09:45:00,MCX:CRUDEOIL1!,5752.0,5755.0,5752.0,5753.0,27.0
2023-03-22 10:00:00,MCX:CRUDEOIL1!,5751.0,5760.0,5750.0,5759.0,54.0
2023-03-22 10:15:00,MCX:CRUDEOIL1!,5759.0,5763.0,5757.0,5757.0,53.0
2023-03-22 10:30:00,MCX:CRUDEOIL1!,5759.0,5763.0,5757.0,5757.0,31.0
2023-03-22 10:45:00,MCX:CRUDEOIL1!,5758.0,5758.0,5745.0,5745.0,71.0
2023-03-22 11:00:00,MCX:CRUDEOIL1!,5745.0,5749.0,5742.0,5747.0,60.0
2023-03-22 11:15:00,MCX:CRUDEOIL1!,5746.0,5747.0,5741.0,5744.0,42.0
2023-03-22 11:30:00,MCX:CRUDEOIL1!,5742.0,5742.0,5722.0,5733.0,125.0
2023-03-22 11:45:00,MCX:CRUDEOIL1!,5733.0,5739.0,5730.0,5733.0,68.0
2023-03-22 12:00:00,MCX:CRUDEOIL1!,5734.0,5740.0,5730.0,5736.0,51.0
2023-03-22 12:15:00,MCX:CRUDEOIL1!,5738.0,5748.0,5737.0,5747.0,69.0
2023-03-22 12:30:00,MCX:CRUDEOIL1!,5749.0,5753.0,5744.0,5747.0,66.0
2023-03-22 12:45:00,MCX:CRUDEOIL1!,5747.0,5750.0,5734.0,5743.0,70.0
2023-03-22 13:00:00,MCX:CRUDEOIL1!,5737.0,5738.0,5724.0,5734.0,79.0
2023-03-22 13:15:00,MCX:CRUDEOIL1!,5734.0,5742.0,5728.0,5735.0,94.0
2023-03-22 13:30:00,MCX:CRUDEOIL1!,5743.0,5760.0,5742.0,5750.0,148.0
2023-03-22 13:45:00,MCX:CRUDEOIL1!,5750.0,5757.0,5743.0,5754.0,94.0
2023-03-22 14:00:00,MCX:CRUDEOIL1!,5756.0,5756.0,5733.0,5750.0,89.0
2023-03-22 14:15:00,MCX:CRUDEOIL1!,5746.0,5752.0,5733.0,5748.0,88.0
2023-03-22 14:30:00,MCX:CRUDEOIL1!,5748.0,5754.0,5738.0,5745.0,69.0
2023-03-22 14:45:00,MCX:CRUDEOIL1!,5742.0,5762.0,5740.0,5759.0,96.0
2023-03-22 15:00:00,MCX:CRUDEOIL1!,5756.0,5771.0,5743.0,5750.0,146.0
2023-03-22 15:15:00,MCX:CRUDEOIL1!,5749.0,5755.0,5732.0,5742.0,164.0
2023-03-22 15:30:00,MCX:CRUDEOIL1!,5741.0,5747.0,5725.0,5742.0,193.0
2023-03-22 15:45:00,MCX:CRUDEOIL1!,5742.0,5762.0,5742.0,5759.0,139.0
2023-03-22 16:00:00,MCX:CRUDEOIL1!,5760.0,5767.0,5750.0,5756.0,176.0
2023-03-22 16:15:00,MCX:CRUDEOIL1!,5755.0,5775.0,5750.0,5765.0,154.0
2023-03-22 16:30:00,MCX:CRUDEOIL1!,5764.0,5769.0,5756.0,5760.0,89.0
2023-03-22 16:45:00,MCX:CRUDEOIL1!,5761.0,5775.0,5760.0,5771.0,138.0
2023-03-22 17:00:00,MCX:CRUDEOIL1!,5770.0,5777.0,5762.0,5765.0,126.0
2023-03-22 17:15:00,MCX:CRUDEOIL1!,5765.0,5766.0,5744.0,5749.0,192.0
2023-03-22 17:30:00,MCX:CRUDEOIL1!,5750.0,5775.0,5750.0,5771.0,176.0
2023-03-22 17:45:00,MCX:CRUDEOIL1!,5771.0,5773.0,5755.0,5755.0,134.0
2023-03-22 18:00:00,MCX:CRUDEOIL1!,5756.0,5784.0,5750.0,5779.0,223.0
2023-03-22 18:15:00,MCX:CRUDEOIL1!,5779.0,5817.0,5766.0,5812.0,206.0
2023-03-22 18:30:00,MCX:CRUDEOIL1!,5811.0,5827.0,5798.0,5811.0,459.0
2023-03-22 18:45:00,MCX:CRUDEOIL1!,5808.0,5816.0,5786.0,5792.0,248.0
2023-03-22 19:00:00,MCX:CRUDEOIL1!,5793.0,5801.0,5754.0,5765.0,421.0
2023-03-22 19:15:00,MCX:CRUDEOIL1!,5766.0,5785.0,5763.0,5773.0,326.0
2023-03-22 19:30:00,MCX:CRUDEOIL1!,5772.0,5776.0,5755.0,5755.0,273.0
2023-03-22 19:45:00,MCX:CRUDEOIL1!,5755.0,5766.0,5746.0,5756.0,334.0
2023-03-22 20:00:00,MCX:CRUDEOIL1!,5759.0,5814.0,5759.0,5796.0,626.0
2023-03-22 20:15:00,MCX:CRUDEOIL1!,5800.0,5844.0,5795.0,5832.0,483.0
2023-03-22 20:30:00,MCX:CRUDEOIL1!,5830.0,5835.0,5815.0,5833.0,351.0
2023-03-22 20:45:00,MCX:CRUDEOIL1!,5834.0,5843.0,5817.0,5835.0,304.0
2023-03-22 21:00:00,MCX:CRUDEOIL1!,5836.0,5837.0,5815.0,5822.0,268.0
2023-03-22 21:15:00,MCX:CRUDEOIL1!,5818.0,5839.0,5807.0,5807.0,233.0
2023-03-22 21:30:00,MCX:CRUDEOIL1!,5807.0,5823.0,5800.0,5806.0,211.0
2023-03-22 21:45:00,MCX:CRUDEOIL1!,5805.0,5853.0,5805.0,5844.0,302.0
2023-03-22 22:00:00,MCX:CRUDEOIL1!,5844.0,5860.0,5838.0,5850.0,363.0
2023-03-22 22:15:00,MCX:CRUDEOIL1!,5851.0,5876.0,5845.0,5859.0,411.0
2023-03-22 22:30:00,MCX:CRUDEOIL1!,5860.0,5860.0,5836.0,5851.0,208.0
2023-03-22 22:45:00,MCX:CRUDEOIL1!,5850.0,5860.0,5844.0,5845.0,215.0
2023-03-22 23:00:00,MCX:CRUDEOIL1!,5845.0,5853.0,5834.0,5838.0,197.0
2023-03-22 23:15:00,MCX:CRUDEOIL1!,5836.0,5851.0,5829.0,5846.0,259.0
2023-03-22 23:30:00,MCX:CRUDEOIL1!,5849.0,5849.0,5849.0,5849.0,1.0
2023-03-23 09:00:00,MCX:CRUDEOIL1!,5804.0,5809.0,5800.0,5801.0,295.0
2023-03-23 09:15:00,MCX:CRUDEOIL1!,5802.0,5803.0,5793.0,5794.0,104.0
2023-03-23 09:30:00,MCX:CRUDEOIL1!,5794.0,5799.0,5791.0,5799.0,54.0
2023-03-23 09:45:00,MCX:CRUDEOIL1!,5799.0,5803.0,5797.0,5799.0,60.0
2023-03-23 10:00:00,MCX:CRUDEOIL1!,5797.0,5800.0,5797.0,5800.0,33.0
2023-03-23 10:15:00,MCX:CRUDEOIL1!,5798.0,5800.0,5795.0,5795.0,26.0
2023-03-23 10:30:00,MCX:CRUDEOIL1!,5799.0,5800.0,5797.0,5798.0,25.0
2023-03-23 10:45:00,MCX:CRUDEOIL1!,5798.0,5798.0,5786.0,5793.0,54.0
2023-03-23 11:00:00,MCX:CRUDEOIL1!,5793.0,5802.0,5793.0,5795.0,53.0
2023-03-23 11:15:00,MCX:CRUDEOIL1!,5793.0,5796.0,5787.0,5790.0,53.0
2023-03-23 11:30:00,MCX:CRUDEOIL1!,5793.0,5796.0,5788.0,5794.0,47.0
2023-03-23 11:45:00,MCX:CRUDEOIL1!,5796.0,5801.0,5792.0,5799.0,66.0
2023-03-23 12:00:00,MCX:CRUDEOIL1!,5797.0,5806.0,5794.0,5806.0,69.0
2023-03-23 12:15:00,MCX:CRUDEOIL1!,5805.0,5805.0,5792.0,5799.0,54.0
2023-03-23 12:30:00,MCX:CRUDEOIL1!,5801.0,5823.0,5801.0,5815.0,123.0
2023-03-23 12:45:00,MCX:CRUDEOIL1!,5820.0,5820.0,5796.0,5799.0,91.0
2023-03-23 13:00:00,MCX:CRUDEOIL1!,5801.0,5807.0,5799.0,5803.0,58.0
2023-03-23 13:15:00,MCX:CRUDEOIL1!,5805.0,5815.0,5798.0,5811.0,64.0
2023-03-23 13:30:00,MCX:CRUDEOIL1!,5812.0,5817.0,5799.0,5814.0,85.0
2023-03-23 13:45:00,MCX:CRUDEOIL1!,5816.0,5834.0,5809.0,5820.0,160.0
2023-03-23 14:00:00,MCX:CRUDEOIL1!,5825.0,5842.0,5825.0,5834.0,138.0
2023-03-23 14:15:00,MCX:CRUDEOIL1!,5833.0,5844.0,5829.0,5831.0,110.0
2023-03-23 14:30:00,MCX:CRUDEOIL1!,5834.0,5836.0,5815.0,5818.0,113.0
2023-03-23 14:45:00,MCX:CRUDEOIL1!,5819.0,5821.0,5804.0,5806.0,129.0
2023-03-23 15:00:00,MCX:CRUDEOIL1!,5806.0,5807.0,5782.0,5803.0,192.0
2023-03-23 15:15:00,MCX:CRUDEOIL1!,5802.0,5804.0,5790.0,5792.0,111.0
2023-03-23 15:30:00,MCX:CRUDEOIL1!,5792.0,5810.0,5789.0,5795.0,162.0
2023-03-23 15:45:00,MCX:CRUDEOIL1!,5798.0,5801.0,5783.0,5786.0,172.0
2023-03-23 16:00:00,MCX:CRUDEOIL1!,5783.0,5805.0,5771.0,5803.0,244.0
2023-03-23 16:15:00,MCX:CRUDEOIL1!,5803.0,5810.0,5790.0,5803.0,154.0
2023-03-23 16:30:00,MCX:CRUDEOIL1!,5805.0,5818.0,5800.0,5815.0,164.0
2023-03-23 16:45:00,MCX:CRUDEOIL1!,5816.0,5818.0,5805.0,5815.0,122.0
2023-03-23 17:00:00,MCX:CRUDEOIL1!,5814.0,5816.0,5805.0,5809.0,102.0
2023-03-23 17:15:00,MCX:CRUDEOIL1!,5810.0,5824.0,5809.0,5815.0,153.0
2023-03-23 17:30:00,MCX:CRUDEOIL1!,5819.0,5822.0,5810.0,5820.0,129.0
2023-03-23 17:45:00,MCX:CRUDEOIL1!,5816.0,5830.0,5816.0,5827.0,147.0
2023-03-23 18:00:00,MCX:CRUDEOIL1!,5825.0,5838.0,5824.0,5833.0,194.0
2023-03-23 18:15:00,MCX:CRUDEOIL1!,5834.0,5836.0,5818.0,5819.0,190.0
2023-03-23 18:30:00,MCX:CRUDEOIL1!,5818.0,5842.0,5807.0,5840.0,300.0
2023-03-23 18:45:00,MCX:CRUDEOIL1!,5840.0,5872.0,5840.0,5867.0,436.0
2023-03-23 19:00:00,MCX:CRUDEOIL1!,5871.0,5898.0,5869.0,5881.0,502.0
2023-03-23 19:15:00,MCX:CRUDEOIL1!,5881.0,5895.0,5865.0,5867.0,375.0
2023-03-23 19:30:00,MCX:CRUDEOIL1!,5866.0,5903.0,5865.0,5888.0,348.0
2023-03-23 19:45:00,MCX:CRUDEOIL1!,5890.0,5890.0,5845.0,5862.0,372.0
2023-03-23 20:00:00,MCX:CRUDEOIL1!,5863.0,5881.0,5847.0,5872.0,316.0
2023-03-23 20:15:00,MCX:CRUDEOIL1!,5871.0,5891.0,5865.0,5887.0,273.0
2023-03-23 20:30:00,MCX:CRUDEOIL1!,5889.0,5893.0,5868.0,5883.0,251.0
2023-03-23 20:45:00,MCX:CRUDEOIL1!,5885.0,5903.0,5879.0,5885.0,265.0
2023-03-23 21:00:00,MCX:CRUDEOIL1!,5886.0,5891.0,5865.0,5865.0,237.0
2023-03-23 21:15:00,MCX:CRUDEOIL1!,5864.0,5870.0,5849.0,5851.0,318.0
2023-03-23 21:30:00,MCX:CRUDEOIL1!,5851.0,5869.0,5850.0,5857.0,246.0
2023-03-23 21:45:00,MCX:CRUDEOIL1!,5855.0,5861.0,5828.0,5845.0,408.0
2023-03-23 22:00:00,MCX:CRUDEOIL1!,5842.0,5848.0,5815.0,5817.0,355.0
2023-03-23 22:15:00,MCX:CRUDEOIL1!,5816.0,5827.0,5806.0,5808.0,306.0
2023-03-23 22:30:00,MCX:CRUDEOIL1!,5808.0,5809.0,5773.0,5794.0,432.0
2023-03-23 22:45:00,MCX:CRUDEOIL1!,5793.0,5807.0,5784.0,5797.0,292.0
2023-03-23 23:00:00,MCX:CRUDEOIL1!,5799.0,5808.0,5793.0,5801.0,215.0
2023-03-23 23:15:00,MCX:CRUDEOIL1!,5803.0,5803.0,5767.0,5777.0,366.0
2023-03-24 09:00:00,MCX:CRUDEOIL1!,5755.0,5776.0,5734.0,5764.0,165.0
2023-03-24 09:15:00,MCX:CRUDEOIL1!,5762.0,5766.0,5762.0,5765.0,68.0
2023-03-24 09:30:00,MCX:CRUDEOIL1!,5763.0,5764.0,5759.0,5763.0,50.0
2023-03-24 09:45:00,MCX:CRUDEOIL1!,5763.0,5764.0,5761.0,5761.0,23.0
2023-03-24 10:00:00,MCX:CRUDEOIL1!,5761.0,5766.0,5761.0,5764.0,41.0
2023-03-24 10:15:00,MCX:CRUDEOIL1!,5765.0,5765.0,5756.0,5762.0,35.0
2023-03-24 10:30:00,MCX:CRUDEOIL1!,5760.0,5765.0,5760.0,5761.0,19.0
2023-03-24 10:45:00,MCX:CRUDEOIL1!,5763.0,5773.0,5763.0,5769.0,47.0
2023-03-24 11:00:00,MCX:CRUDEOIL1!,5770.0,5780.0,5770.0,5771.0,72.0
2023-03-24 11:15:00,MCX:CRUDEOIL1!,5771.0,5771.0,5766.0,5769.0,64.0
2023-03-24 11:30:00,MCX:CRUDEOIL1!,5767.0,5778.0,5763.0,5778.0,42.0
2023-03-24 11:45:00,MCX:CRUDEOIL1!,5778.0,5782.0,5773.0,5780.0,48.0
2023-03-24 12:00:00,MCX:CRUDEOIL1!,5779.0,5789.0,5776.0,5788.0,61.0
2023-03-24 12:15:00,MCX:CRUDEOIL1!,5787.0,5791.0,5782.0,5789.0,52.0
2023-03-24 12:30:00,MCX:CRUDEOIL1!,5790.0,5809.0,5790.0,5806.0,136.0
2023-03-24 12:45:00,MCX:CRUDEOIL1!,5803.0,5806.0,5793.0,5802.0,76.0
2023-03-24 13:00:00,MCX:CRUDEOIL1!,5804.0,5812.0,5801.0,5802.0,115.0
2023-03-24 13:15:00,MCX:CRUDEOIL1!,5799.0,5803.0,5770.0,5771.0,170.0
2023-03-24 13:30:00,MCX:CRUDEOIL1!,5767.0,5772.0,5730.0,5744.0,301.0
2023-03-24 13:45:00,MCX:CRUDEOIL1!,5747.0,5765.0,5731.0,5760.0,205.0
2023-03-24 14:00:00,MCX:CRUDEOIL1!,5756.0,5759.0,5693.0,5695.0,333.0
2023-03-24 14:15:00,MCX:CRUDEOIL1!,5694.0,5708.0,5682.0,5704.0,330.0
2023-03-24 14:30:00,MCX:CRUDEOIL1!,5708.0,5724.0,5690.0,5715.0,210.0
2023-03-24 14:45:00,MCX:CRUDEOIL1!,5712.0,5721.0,5701.0,5720.0,116.0
2023-03-24 15:00:00,MCX:CRUDEOIL1!,5717.0,5717.0,5672.0,5680.0,185.0
2023-03-24 15:15:00,MCX:CRUDEOIL1!,5680.0,5681.0,5595.0,5604.0,543.0
2023-03-24 15:30:00,MCX:CRUDEOIL1!,5601.0,5603.0,5546.0,5554.0,616.0
2023-03-24 15:45:00,MCX:CRUDEOIL1!,5555.0,5598.0,5555.0,5588.0,455.0
2023-03-24 16:00:00,MCX:CRUDEOIL1!,5592.0,5607.0,5583.0,5599.0,284.0
2023-03-24 16:15:00,MCX:CRUDEOIL1!,5600.0,5612.0,5588.0,5591.0,306.0
2023-03-24 16:30:00,MCX:CRUDEOIL1!,5591.0,5591.0,5537.0,5558.0,452.0
2023-03-24 16:45:00,MCX:CRUDEOIL1!,5557.0,5575.0,5540.0,5570.0,338.0
2023-03-24 17:00:00,MCX:CRUDEOIL1!,5570.0,5575.0,5555.0,5567.0,198.0
2023-03-24 17:15:00,MCX:CRUDEOIL1!,5567.0,5590.0,5551.0,5589.0,257.0
2023-03-24 17:30:00,MCX:CRUDEOIL1!,5589.0,5607.0,5579.0,5594.0,303.0
2023-03-24 17:45:00,MCX:CRUDEOIL1!,5594.0,5603.0,5574.0,5591.0,268.0
2023-03-24 18:00:00,MCX:CRUDEOIL1!,5591.0,5598.0,5561.0,5576.0,246.0
2023-03-24 18:15:00,MCX:CRUDEOIL1!,5576.0,5623.0,5573.0,5609.0,307.0
2023-03-24 18:30:00,MCX:CRUDEOIL1!,5608.0,5656.0,5608.0,5632.0,651.0
2023-03-24 18:45:00,MCX:CRUDEOIL1!,5629.0,5665.0,5608.0,5661.0,443.0
2023-03-24 19:00:00,MCX:CRUDEOIL1!,5662.0,5664.0,5619.0,5634.0,563.0
2023-03-24 19:15:00,MCX:CRUDEOIL1!,5635.0,5673.0,5625.0,5673.0,500.0
2023-03-24 19:30:00,MCX:CRUDEOIL1!,5673.0,5703.0,5660.0,5693.0,555.0
2023-03-24 19:45:00,MCX:CRUDEOIL1!,5693.0,5695.0,5639.0,5671.0,465.0
2023-03-24 20:00:00,MCX:CRUDEOIL1!,5673.0,5690.0,5658.0,5667.0,270.0
2023-03-24 20:15:00,MCX:CRUDEOIL1!,5667.0,5680.0,5639.0,5643.0,334.0
2023-03-24 20:30:00,MCX:CRUDEOIL1!,5641.0,5658.0,5629.0,5651.0,290.0
2023-03-24 20:45:00,MCX:CRUDEOIL1!,5650.0,5665.0,5645.0,5662.0,210.0
2023-03-24 21:00:00,MCX:CRUDEOIL1!,5661.0,5688.0,5650.0,5682.0,270.0
2023-03-24 21:15:00,MCX:CRUDEOIL1!,5682.0,5744.0,5682.0,5737.0,589.0
2023-03-24 21:30:00,MCX:CRUDEOIL1!,5737.0,5746.0,5694.0,5698.0,560.0
2023-03-24 21:45:00,MCX:CRUDEOIL1!,5700.0,5705.0,5670.0,5675.0,413.0
2023-03-24 22:00:00,MCX:CRUDEOIL1!,5676.0,5693.0,5675.0,5688.0,253.0
2023-03-24 22:15:00,MCX:CRUDEOIL1!,5688.0,5726.0,5685.0,5718.0,348.0
2023-03-24 22:30:00,MCX:CRUDEOIL1!,5717.0,5729.0,5704.0,5724.0,274.0
2023-03-24 22:45:00,MCX:CRUDEOIL1!,5726.0,5733.0,5710.0,5727.0,247.0
2023-03-24 23:00:00,MCX:CRUDEOIL1!,5725.0,5734.0,5721.0,5729.0,217.0
2023-03-24 23:15:00,MCX:CRUDEOIL1!,5729.0,5731.0,5721.0,5730.0,298.0
2023-03-27 09:00:00,MCX:CRUDEOIL1!,5727.0,5728.0,5710.0,5726.0,114.0
2023-03-27 09:15:00,MCX:CRUDEOIL1!,5728.0,5731.0,5722.0,5730.0,71.0
2023-03-27 09:30:00,MCX:CRUDEOIL1!,5730.0,5730.0,5722.0,5724.0,51.0
2023-03-27 09:45:00,MCX:CRUDEOIL1!,5723.0,5726.0,5721.0,5724.0,29.0
2023-03-27 10:00:00,MCX:CRUDEOIL1!,5726.0,5728.0,5723.0,5728.0,32.0
2023-03-27 10:15:00,MCX:CRUDEOIL1!,5729.0,5735.0,5727.0,5732.0,44.0
2023-03-27 10:30:00,MCX:CRUDEOIL1!,5732.0,5738.0,5731.0,5736.0,54.0
2023-03-27 10:45:00,MCX:CRUDEOIL1!,5735.0,5752.0,5733.0,5750.0,94.0
2023-03-27 11:00:00,MCX:CRUDEOIL1!,5748.0,5751.0,5744.0,5749.0,93.0
2023-03-27 11:15:00,MCX:CRUDEOIL1!,5748.0,5762.0,5748.0,5761.0,120.0
2023-03-27 11:30:00,MCX:CRUDEOIL1!,5760.0,5768.0,5755.0,5757.0,103.0
2023-03-27 11:45:00,MCX:CRUDEOIL1!,5761.0,5777.0,5756.0,5776.0,81.0
2023-03-27 12:00:00,MCX:CRUDEOIL1!,5774.0,5790.0,5774.0,5784.0,171.0
2023-03-27 12:15:00,MCX:CRUDEOIL1!,5785.0,5788.0,5778.0,5786.0,96.0
2023-03-27 12:30:00,MCX:CRUDEOIL1!,5786.0,5798.0,5775.0,5789.0,208.0
2023-03-27 12:45:00,MCX:CRUDEOIL1!,5789.0,5803.0,5788.0,5791.0,118.0
2023-03-27 13:00:00,MCX:CRUDEOIL1!,5785.0,5788.0,5760.0,5762.0,193.0
2023-03-27 13:15:00,MCX:CRUDEOIL1!,5762.0,5775.0,5742.0,5771.0,225.0
2023-03-27 13:30:00,MCX:CRUDEOIL1!,5769.0,5790.0,5764.0,5790.0,158.0
2023-03-27 13:45:00,MCX:CRUDEOIL1!,5787.0,5787.0,5765.0,5768.0,127.0
2023-03-27 14:00:00,MCX:CRUDEOIL1!,5772.0,5773.0,5748.0,5748.0,181.0
2023-03-27 14:15:00,MCX:CRUDEOIL1!,5748.0,5755.0,5736.0,5745.0,140.0
2023-03-27 14:30:00,MCX:CRUDEOIL1!,5746.0,5755.0,5743.0,5748.0,75.0
2023-03-27 14:45:00,MCX:CRUDEOIL1!,5750.0,5765.0,5747.0,5753.0,85.0
2023-03-27 15:00:00,MCX:CRUDEOIL1!,5753.0,5755.0,5746.0,5755.0,75.0
2023-03-27 15:15:00,MCX:CRUDEOIL1!,5755.0,5766.0,5750.0,5763.0,157.0
2023-03-27 15:30:00,MCX:CRUDEOIL1!,5765.0,5779.0,5760.0,5768.0,184.0
2023-03-27 15:45:00,MCX:CRUDEOIL1!,5767.0,5789.0,5765.0,5781.0,201.0
2023-03-27 16:00:00,MCX:CRUDEOIL1!,5780.0,5793.0,5777.0,5793.0,163.0
2023-03-27 16:15:00,MCX:CRUDEOIL1!,5792.0,5797.0,5779.0,5783.0,199.0
2023-03-27 16:30:00,MCX:CRUDEOIL1!,5783.0,5798.0,5778.0,5798.0,200.0
2023-03-27 16:45:00,MCX:CRUDEOIL1!,5796.0,5804.0,5782.0,5790.0,218.0
2023-03-27 17:00:00,MCX:CRUDEOIL1!,5789.0,5799.0,5788.0,5795.0,131.0
2023-03-27 17:15:00,MCX:CRUDEOIL1!,5797.0,5799.0,5791.0,5795.0,137.0
2023-03-27 17:30:00,MCX:CRUDEOIL1!,5796.0,5827.0,5794.0,5822.0,374.0
2023-03-27 17:45:00,MCX:CRUDEOIL1!,5823.0,5839.0,5821.0,5828.0,290.0
2023-03-27 18:00:00,MCX:CRUDEOIL1!,5829.0,5848.0,5826.0,5846.0,330.0
2023-03-27 18:15:00,MCX:CRUDEOIL1!,5845.0,5847.0,5824.0,5835.0,274.0
2023-03-27 18:30:00,MCX:CRUDEOIL1!,5836.0,5842.0,5816.0,5823.0,325.0
2023-03-27 18:45:00,MCX:CRUDEOIL1!,5823.0,5839.0,5813.0,5838.0,272.0
2023-03-27 19:00:00,MCX:CRUDEOIL1!,5836.0,5836.0,5799.0,5832.0,513.0
2023-03-27 19:15:00,MCX:CRUDEOIL1!,5833.0,5845.0,5813.0,5820.0,374.0
2023-03-27 19:30:00,MCX:CRUDEOIL1!,5818.0,5853.0,5818.0,5838.0,450.0
2023-03-27 19:45:00,MCX:CRUDEOIL1!,5839.0,5850.0,5818.0,5825.0,303.0
2023-03-27 20:00:00,MCX:CRUDEOIL1!,5824.0,5829.0,5809.0,5817.0,227.0
2023-03-27 20:15:00,MCX:CRUDEOIL1!,5817.0,5846.0,5815.0,5834.0,300.0
2023-03-27 20:30:00,MCX:CRUDEOIL1!,5839.0,5839.0,5817.0,5820.0,262.0
2023-03-27 20:45:00,MCX:CRUDEOIL1!,5820.0,5853.0,5820.0,5840.0,343.0
2023-03-27 21:00:00,MCX:CRUDEOIL1!,5843.0,5881.0,5833.0,5878.0,490.0
2023-03-27 21:15:00,MCX:CRUDEOIL1!,5877.0,5895.0,5873.0,5883.0,564.0
2023-03-27 21:30:00,MCX:CRUDEOIL1!,5885.0,5886.0,5864.0,5866.0,342.0
2023-03-27 21:45:00,MCX:CRUDEOIL1!,5868.0,5919.0,5867.0,5912.0,433.0
2023-03-27 22:00:00,MCX:CRUDEOIL1!,5913.0,5924.0,5908.0,5916.0,350.0
2023-03-27 22:15:00,MCX:CRUDEOIL1!,5916.0,5918.0,5905.0,5912.0,242.0
2023-03-27 22:30:00,MCX:CRUDEOIL1!,5911.0,5945.0,5911.0,5942.0,455.0
2023-03-27 22:45:00,MCX:CRUDEOIL1!,5944.0,5962.0,5931.0,5958.0,432.0
2023-03-27 23:00:00,MCX:CRUDEOIL1!,5959.0,5982.0,5958.0,5976.0,415.0
2023-03-27 23:15:00,MCX:CRUDEOIL1!,5975.0,5999.0,5973.0,5998.0,411.0
2023-03-28 09:00:00,MCX:CRUDEOIL1!,5988.0,6006.0,5987.0,6000.0,261.0
2023-03-28 09:15:00,MCX:CRUDEOIL1!,6000.0,6001.0,5994.0,5997.0,115.0
2023-03-28 09:30:00,MCX:CRUDEOIL1!,5996.0,5997.0,5992.0,5992.0,95.0
2023-03-28 09:45:00,MCX:CRUDEOIL1!,5992.0,5997.0,5991.0,5995.0,66.0
2023-03-28 10:00:00,MCX:CRUDEOIL1!,5995.0,5995.0,5993.0,5994.0,111.0
2023-03-28 10:15:00,MCX:CRUDEOIL1!,5995.0,5999.0,5993.0,5997.0,50.0
2023-03-28 10:30:00,MCX:CRUDEOIL1!,5997.0,6005.0,5996.0,6003.0,130.0
2023-03-28 10:45:00,MCX:CRUDEOIL1!,6003.0,6004.0,5994.0,5995.0,64.0
2023-03-28 11:00:00,MCX:CRUDEOIL1!,5991.0,5995.0,5988.0,5991.0,81.0
2023-03-28 11:15:00,MCX:CRUDEOIL1!,5991.0,5995.0,5988.0,5993.0,45.0
2023-03-28 11:30:00,MCX:CRUDEOIL1!,5995.0,6018.0,5995.0,6015.0,157.0
2023-03-28 11:45:00,MCX:CRUDEOIL1!,6014.0,6021.0,6010.0,6016.0,94.0
2023-03-28 12:00:00,MCX:CRUDEOIL1!,6016.0,6024.0,6010.0,6010.0,122.0
2023-03-28 12:15:00,MCX:CRUDEOIL1!,6011.0,6012.0,6003.0,6009.0,79.0
2023-03-28 12:30:00,MCX:CRUDEOIL1!,6007.0,6018.0,5998.0,6006.0,139.0
2023-03-28 12:45:00,MCX:CRUDEOIL1!,6005.0,6028.0,6005.0,6021.0,133.0
2023-03-28 13:00:00,MCX:CRUDEOIL1!,6024.0,6039.0,6024.0,6034.0,160.0
2023-03-28 13:15:00,MCX:CRUDEOIL1!,6036.0,6038.0,6014.0,6017.0,154.0
2023-03-28 13:30:00,MCX:CRUDEOIL1!,6016.0,6047.0,6016.0,6043.0,162.0
2023-03-28 13:45:00,MCX:CRUDEOIL1!,6041.0,6060.0,6041.0,6044.0,184.0
2023-03-28 14:00:00,MCX:CRUDEOIL1!,6043.0,6050.0,6030.0,6037.0,161.0
2023-03-28 14:15:00,MCX:CRUDEOIL1!,6036.0,6050.0,6024.0,6045.0,134.0
2023-03-28 14:30:00,MCX:CRUDEOIL1!,6044.0,6053.0,6021.0,6023.0,146.0
2023-03-28 14:45:00,MCX:CRUDEOIL1!,6025.0,6038.0,6023.0,6036.0,99.0
2023-03-28 15:00:00,MCX:CRUDEOIL1!,6036.0,6038.0,6028.0,6031.0,78.0
2023-03-28 15:15:00,MCX:CRUDEOIL1!,6032.0,6042.0,6028.0,6036.0,114.0
2023-03-28 15:30:00,MCX:CRUDEOIL1!,6036.0,6051.0,6036.0,6043.0,179.0
2023-03-28 15:45:00,MCX:CRUDEOIL1!,6043.0,6046.0,6031.0,6032.0,142.0
2023-03-28 16:00:00,MCX:CRUDEOIL1!,6032.0,6036.0,6022.0,6023.0,147.0
2023-03-28 16:15:00,MCX:CRUDEOIL1!,6025.0,6025.0,6003.0,6008.0,242.0
2023-03-28 16:30:00,MCX:CRUDEOIL1!,6008.0,6010.0,6000.0,6002.0,195.0
2023-03-28 16:45:00,MCX:CRUDEOIL1!,6002.0,6027.0,6000.0,6021.0,214.0
2023-03-28 17:00:00,MCX:CRUDEOIL1!,6021.0,6025.0,6016.0,6020.0,123.0
2023-03-28 17:15:00,MCX:CRUDEOIL1!,6018.0,6020.0,5992.0,5996.0,251.0
2023-03-28 17:30:00,MCX:CRUDEOIL1!,5995.0,6008.0,5972.0,6002.0,407.0
2023-03-28 17:45:00,MCX:CRUDEOIL1!,6002.0,6010.0,5991.0,6003.0,215.0
2023-03-28 18:00:00,MCX:CRUDEOIL1!,6004.0,6012.0,5987.0,5987.0,245.0
2023-03-28 18:15:00,MCX:CRUDEOIL1!,5989.0,6012.0,5987.0,6002.0,168.0
2023-03-28 18:30:00,MCX:CRUDEOIL1!,6003.0,6016.0,5992.0,6010.0,289.0
2023-03-28 18:45:00,MCX:CRUDEOIL1!,6009.0,6015.0,5949.0,5972.0,441.0
2023-03-28 19:00:00,MCX:CRUDEOIL1!,5970.0,6008.0,5970.0,5994.0,485.0
2023-03-28 19:15:00,MCX:CRUDEOIL1!,5996.0,6015.0,5989.0,5998.0,288.0
2023-03-28 19:30:00,MCX:CRUDEOIL1!,5997.0,6037.0,5989.0,6028.0,432.0
2023-03-28 19:45:00,MCX:CRUDEOIL1!,6030.0,6044.0,6025.0,6033.0,327.0
2023-03-28 20:00:00,MCX:CRUDEOIL1!,6036.0,6037.0,6006.0,6015.0,294.0
2023-03-28 20:15:00,MCX:CRUDEOIL1!,6016.0,6030.0,6006.0,6022.0,259.0
2023-03-28 20:30:00,MCX:CRUDEOIL1!,6024.0,6041.0,6015.0,6019.0,307.0
2023-03-28 20:45:00,MCX:CRUDEOIL1!,6020.0,6032.0,6011.0,6023.0,219.0
2023-03-28 21:00:00,MCX:CRUDEOIL1!,6024.0,6058.0,6021.0,6053.0,364.0
2023-03-28 21:15:00,MCX:CRUDEOIL1!,6056.0,6073.0,6047.0,6071.0,384.0
2023-03-28 21:30:00,MCX:CRUDEOIL1!,6071.0,6075.0,6053.0,6061.0,327.0
2023-03-28 21:45:00,MCX:CRUDEOIL1!,6063.0,6071.0,6055.0,6068.0,234.0
2023-03-28 22:00:00,MCX:CRUDEOIL1!,6068.0,6082.0,6064.0,6077.0,230.0
2023-03-28 22:15:00,MCX:CRUDEOIL1!,6076.0,6084.0,6068.0,6080.0,196.0
2023-03-28 22:30:00,MCX:CRUDEOIL1!,6080.0,6080.0,6055.0,6062.0,276.0
2023-03-28 22:45:00,MCX:CRUDEOIL1!,6063.0,6079.0,6059.0,6064.0,214.0
2023-03-28 23:00:00,MCX:CRUDEOIL1!,6064.0,6069.0,6047.0,6049.0,202.0
2023-03-28 23:15:00,MCX:CRUDEOIL1!,6048.0,6066.0,6047.0,6066.0,296.0
2023-03-28 23:30:00,MCX:CRUDEOIL1!,6064.0,6064.0,6064.0,6064.0,1.0
